timeStamp,elapsed,label,responseCode,responseMessage,threadName,dataType,success,failureMessage,bytes,sentBytes,grpThreads,allThreads,URL,Latency,IdleTime,Connect
1711285687407,31,Отримати всіх героїв ,200,OK,Thread Group 1-5,text,true,,985,126,14,14,http://localhost:3001/characters,28,0,22
1711285687411,28,Отримати всіх героїв ,200,OK,Thread Group 1-12,text,true,,985,126,14,14,http://localhost:3001/characters,25,0,19
1711285687407,31,Отримати всіх героїв ,200,OK,Thread Group 1-3,text,true,,985,126,14,14,http://localhost:3001/characters,28,0,22
1711285687407,31,Отримати всіх героїв ,200,OK,Thread Group 1-6,text,true,,985,126,14,14,http://localhost:3001/characters,28,0,22
1711285687407,31,Отримати всіх героїв ,200,OK,Thread Group 1-2,text,true,,985,126,14,14,http://localhost:3001/characters,28,0,22
1711285687408,31,Отримати всіх героїв ,200,OK,Thread Group 1-8,text,true,,985,126,14,14,http://localhost:3001/characters,28,0,22
1711285687408,31,Отримати всіх героїв ,200,OK,Thread Group 1-10,text,true,,985,126,14,14,http://localhost:3001/characters,28,0,22
1711285687407,31,Отримати всіх героїв ,200,OK,Thread Group 1-7,text,true,,985,126,14,14,http://localhost:3001/characters,28,0,22
1711285687408,31,Отримати всіх героїв ,200,OK,Thread Group 1-9,text,true,,985,126,14,14,http://localhost:3001/characters,28,0,22
1711285687407,31,Отримати всіх героїв ,200,OK,Thread Group 1-1,text,true,,985,126,14,14,http://localhost:3001/characters,28,0,22
1711285687407,31,Отримати всіх героїв ,200,OK,Thread Group 1-4,text,true,,985,126,14,14,http://localhost:3001/characters,28,0,22
1711285687430,9,Отримати всіх героїв ,200,OK,Thread Group 1-14,text,true,,985,126,14,14,http://localhost:3001/characters,6,0,1
1711285687421,18,Отримати всіх героїв ,200,OK,Thread Group 1-13,text,true,,985,126,14,14,http://localhost:3001/characters,15,0,9
1711285687408,31,Отримати всіх героїв ,200,OK,Thread Group 1-11,text,true,,985,126,14,14,http://localhost:3001/characters,28,0,22
1711285687440,1,Отримати всіх героїв ,200,OK,Thread Group 1-15,text,true,,985,126,15,15,http://localhost:3001/characters,1,0,1
1711285687441,1,Отримати героя за id ,200,OK,Thread Group 1-7,text,true,,235,127,15,15,http://localhost:3001/character/1,1,0,0
1711285687441,1,Отримати героя за id ,200,OK,Thread Group 1-6,text,true,,235,127,15,15,http://localhost:3001/character/1,1,0,0
1711285687441,1,Отримати героя за id ,200,OK,Thread Group 1-13,text,true,,235,127,15,15,http://localhost:3001/character/1,1,0,0
1711285687441,1,Отримати героя за id ,200,OK,Thread Group 1-10,text,true,,235,127,15,15,http://localhost:3001/character/1,1,0,0
1711285687441,2,Отримати героя за id ,200,OK,Thread Group 1-11,text,true,,235,127,15,15,http://localhost:3001/character/1,2,0,0
1711285687441,2,Отримати героя за id ,200,OK,Thread Group 1-1,text,true,,235,127,15,15,http://localhost:3001/character/1,2,0,0
1711285687441,2,Отримати героя за id ,200,OK,Thread Group 1-9,text,true,,235,127,15,15,http://localhost:3001/character/1,2,0,0
1711285687441,2,Отримати героя за id ,200,OK,Thread Group 1-5,text,true,,235,127,15,15,http://localhost:3001/character/1,2,0,0
1711285687441,2,Отримати героя за id ,200,OK,Thread Group 1-14,text,true,,235,127,15,15,http://localhost:3001/character/1,2,0,0
1711285687441,3,Отримати героя за id ,200,OK,Thread Group 1-8,text,true,,235,127,15,15,http://localhost:3001/character/1,3,0,0
1711285687441,3,Отримати героя за id ,200,OK,Thread Group 1-4,text,true,,235,127,15,15,http://localhost:3001/character/1,3,0,0
1711285687441,3,Отримати героя за id ,200,OK,Thread Group 1-12,text,true,,235,127,15,15,http://localhost:3001/character/1,3,0,0
1711285687441,4,Отримати героя за id ,200,OK,Thread Group 1-2,text,true,,235,127,15,15,http://localhost:3001/character/1,4,0,0
1711285687441,4,Отримати героя за id ,200,OK,Thread Group 1-3,text,true,,235,127,15,15,http://localhost:3001/character/1,4,0,0
1711285687442,3,Отримати героя за id ,200,OK,Thread Group 1-15,text,true,,235,127,15,15,http://localhost:3001/character/1,3,0,0
1711285687445,1,Створити героя,200,OK,Thread Group 1-15,text,true,,235,231,15,15,http://localhost:3001/character,1,0,0
1711285687442,4,Створити героя,200,OK,Thread Group 1-6,text,true,,235,231,15,15,http://localhost:3001/character,4,0,0
1711285687442,5,Створити героя,200,OK,Thread Group 1-7,text,true,,235,231,15,15,http://localhost:3001/character,5,0,0
1711285687444,3,Створити героя,200,OK,Thread Group 1-4,text,true,,235,231,15,15,http://localhost:3001/character,3,0,0
1711285687443,4,Створити героя,200,OK,Thread Group 1-1,text,true,,235,231,15,15,http://localhost:3001/character,4,0,0
1711285687442,6,Створити героя,200,OK,Thread Group 1-13,text,true,,235,231,15,15,http://localhost:3001/character,6,0,0
1711285687443,5,Створити героя,200,OK,Thread Group 1-9,text,true,,235,231,15,15,http://localhost:3001/character,5,0,0
1711285687444,4,Створити героя,200,OK,Thread Group 1-14,text,true,,235,231,15,15,http://localhost:3001/character,4,0,0
1711285687444,4,Створити героя,200,OK,Thread Group 1-8,text,true,,235,231,15,15,http://localhost:3001/character,4,0,0
1711285687444,5,Створити героя,200,OK,Thread Group 1-12,text,true,,235,231,15,15,http://localhost:3001/character,5,0,0
1711285687442,7,Створити героя,200,OK,Thread Group 1-10,text,true,,235,231,15,15,http://localhost:3001/character,7,0,0
1711285687443,6,Створити героя,200,OK,Thread Group 1-5,text,true,,235,231,15,15,http://localhost:3001/character,6,0,0
1711285687445,5,Створити героя,200,OK,Thread Group 1-2,text,true,,235,231,15,15,http://localhost:3001/character,5,0,0
1711285687443,7,Створити героя,200,OK,Thread Group 1-11,text,true,,235,231,16,16,http://localhost:3001/character,7,0,0
1711285687445,5,Створити героя,200,OK,Thread Group 1-3,text,true,,235,231,16,16,http://localhost:3001/character,5,0,0
1711285687446,4,Змінити героя ,200,OK,Thread Group 1-15,text,true,,235,232,16,16,http://localhost:3001/character/1,4,0,0
1711285687446,5,Змінити героя ,200,OK,Thread Group 1-6,text,true,,235,232,16,16,http://localhost:3001/character/1,5,0,0
1711285687447,4,Змінити героя ,200,OK,Thread Group 1-7,text,true,,235,232,16,16,http://localhost:3001/character/1,4,0,0
1711285687447,4,Змінити героя ,200,OK,Thread Group 1-4,text,true,,235,232,16,16,http://localhost:3001/character/1,4,0,0
1711285687447,4,Змінити героя ,200,OK,Thread Group 1-1,text,true,,235,232,16,16,http://localhost:3001/character/1,4,0,0
1711285687448,4,Змінити героя ,200,OK,Thread Group 1-13,text,true,,235,232,16,16,http://localhost:3001/character/1,4,0,0
1711285687448,4,Змінити героя ,200,OK,Thread Group 1-9,text,true,,235,232,16,16,http://localhost:3001/character/1,4,0,0
1711285687448,4,Змінити героя ,200,OK,Thread Group 1-14,text,true,,235,232,16,16,http://localhost:3001/character/1,4,0,0
1711285687449,3,Змінити героя ,200,OK,Thread Group 1-8,text,true,,235,232,16,16,http://localhost:3001/character/1,3,0,0
1711285687449,4,Змінити героя ,200,OK,Thread Group 1-12,text,true,,235,232,16,16,http://localhost:3001/character/1,4,0,0
1711285687449,4,Змінити героя ,200,OK,Thread Group 1-10,text,true,,235,232,16,16,http://localhost:3001/character/1,4,0,0
1711285687449,4,Змінити героя ,200,OK,Thread Group 1-5,text,true,,235,232,16,16,http://localhost:3001/character/1,4,0,0
1711285687450,4,Змінити героя ,200,OK,Thread Group 1-2,text,true,,235,232,16,16,http://localhost:3001/character/1,4,0,0
1711285687450,4,Змінити героя ,200,OK,Thread Group 1-11,text,true,,235,232,16,16,http://localhost:3001/character/1,4,0,0
1711285687450,4,Змінити героя ,200,OK,Thread Group 1-3,text,true,,235,232,16,16,http://localhost:3001/character/1,4,0,0
1711285687450,5,Видалити героя ,200,OK,Thread Group 1-15,text,true,,249,213,16,16,http://localhost:3001/character/1,5,0,0
1711285687451,4,Видалити героя ,200,OK,Thread Group 1-7,text,true,,249,213,16,16,http://localhost:3001/character/1,4,0,0
1711285687451,4,Видалити героя ,200,OK,Thread Group 1-6,text,true,,249,213,16,16,http://localhost:3001/character/1,4,0,0
1711285687451,4,Видалити героя ,200,OK,Thread Group 1-4,text,true,,249,213,14,14,http://localhost:3001/character/1,4,0,0
1711285687452,4,Видалити героя ,200,OK,Thread Group 1-1,text,true,,249,213,12,12,http://localhost:3001/character/1,4,0,0
1711285687452,4,Видалити героя ,200,OK,Thread Group 1-13,text,true,,249,213,12,12,http://localhost:3001/character/1,4,0,0
1711285687450,6,Отримати всіх героїв ,200,OK,Thread Group 1-16,text,true,,1012,126,10,10,http://localhost:3001/characters,6,0,1
1711285687452,4,Видалити героя ,200,OK,Thread Group 1-9,text,true,,249,213,10,10,http://localhost:3001/character/1,4,0,0
1711285687452,5,Видалити героя ,200,OK,Thread Group 1-14,text,true,,249,213,9,9,http://localhost:3001/character/1,5,0,0
1711285687452,5,Видалити героя ,200,OK,Thread Group 1-8,text,true,,249,213,9,9,http://localhost:3001/character/1,5,0,0
1711285687453,4,Видалити героя ,200,OK,Thread Group 1-12,text,true,,249,213,7,7,http://localhost:3001/character/1,4,0,0
1711285687453,5,Видалити героя ,200,OK,Thread Group 1-10,text,true,,249,213,6,6,http://localhost:3001/character/1,4,0,0
1711285687454,4,Видалити героя ,200,OK,Thread Group 1-5,text,true,,249,213,5,5,http://localhost:3001/character/1,4,0,0
1711285687454,4,Видалити героя ,200,OK,Thread Group 1-2,text,true,,249,213,4,4,http://localhost:3001/character/1,4,0,0
1711285687454,4,Видалити героя ,200,OK,Thread Group 1-11,text,true,,249,213,3,3,http://localhost:3001/character/1,4,0,0
1711285687454,4,Видалити героя ,200,OK,Thread Group 1-3,text,true,,249,213,2,2,http://localhost:3001/character/1,4,0,0
1711285687456,3,Отримати героя за id ,200,OK,Thread Group 1-16,text,true,,235,127,1,1,http://localhost:3001/character/1,3,0,0
1711285687459,1,Створити героя,200,OK,Thread Group 1-16,text,true,,235,231,2,2,http://localhost:3001/character,1,0,0
1711285687460,1,Змінити героя ,200,OK,Thread Group 1-16,text,true,,235,232,2,2,http://localhost:3001/character/1,1,0,0
1711285687460,1,Отримати всіх героїв ,200,OK,Thread Group 1-17,text,true,,988,126,2,2,http://localhost:3001/characters,1,0,1
1711285687461,1,Видалити героя ,200,OK,Thread Group 1-16,text,true,,249,213,2,2,http://localhost:3001/character/1,1,0,0
1711285687461,1,Отримати героя за id ,200,OK,Thread Group 1-17,text,true,,235,127,2,2,http://localhost:3001/character/1,1,0,0
1711285687462,1,Створити героя,200,OK,Thread Group 1-17,text,true,,235,231,1,1,http://localhost:3001/character,1,0,0
1711285687463,0,Змінити героя ,200,OK,Thread Group 1-17,text,true,,235,232,1,1,http://localhost:3001/character/1,0,0,0
1711285687464,0,Видалити героя ,200,OK,Thread Group 1-17,text,true,,249,213,1,1,http://localhost:3001/character/1,0,0,0
1711285687472,1,Отримати всіх героїв ,200,OK,Thread Group 1-18,text,true,,985,126,1,1,http://localhost:3001/characters,1,0,0
1711285687473,1,Отримати героя за id ,200,OK,Thread Group 1-18,text,true,,235,127,1,1,http://localhost:3001/character/1,1,0,0
1711285687474,0,Створити героя,200,OK,Thread Group 1-18,text,true,,235,231,1,1,http://localhost:3001/character,0,0,0
1711285687475,0,Змінити героя ,200,OK,Thread Group 1-18,text,true,,235,232,1,1,http://localhost:3001/character/1,0,0,0
1711285687475,1,Видалити героя ,200,OK,Thread Group 1-18,text,true,,249,213,1,1,http://localhost:3001/character/1,1,0,0
1711285687479,1,Отримати всіх героїв ,200,OK,Thread Group 1-19,text,true,,985,126,1,1,http://localhost:3001/characters,1,0,0
1711285687480,0,Отримати героя за id ,200,OK,Thread Group 1-19,text,true,,235,127,1,1,http://localhost:3001/character/1,0,0,0
1711285687481,0,Створити героя,200,OK,Thread Group 1-19,text,true,,235,231,1,1,http://localhost:3001/character,0,0,0
1711285687481,1,Змінити героя ,200,OK,Thread Group 1-19,text,true,,235,232,1,1,http://localhost:3001/character/1,1,0,0
1711285687482,0,Видалити героя ,200,OK,Thread Group 1-19,text,true,,249,213,1,1,http://localhost:3001/character/1,0,0,0
1711285687490,1,Отримати всіх героїв ,200,OK,Thread Group 1-20,text,true,,985,126,1,1,http://localhost:3001/characters,1,0,0
1711285687491,0,Отримати героя за id ,200,OK,Thread Group 1-20,text,true,,235,127,1,1,http://localhost:3001/character/1,0,0,0
1711285687492,0,Створити героя,200,OK,Thread Group 1-20,text,true,,235,231,1,1,http://localhost:3001/character,0,0,0
1711285687492,0,Змінити героя ,200,OK,Thread Group 1-20,text,true,,235,232,1,1,http://localhost:3001/character/1,0,0,0
1711285687493,0,Видалити героя ,200,OK,Thread Group 1-20,text,true,,249,213,1,1,http://localhost:3001/character/1,0,0,0
1711285687500,1,Отримати всіх героїв ,200,OK,Thread Group 1-21,text,true,,985,126,1,1,http://localhost:3001/characters,1,0,0
1711285687501,1,Отримати героя за id ,200,OK,Thread Group 1-21,text,true,,235,127,1,1,http://localhost:3001/character/1,1,0,0
1711285687502,0,Створити героя,200,OK,Thread Group 1-21,text,true,,235,231,1,1,http://localhost:3001/character,0,0,0
1711285687502,1,Змінити героя ,200,OK,Thread Group 1-21,text,true,,235,232,1,1,http://localhost:3001/character/1,1,0,0
1711285687503,1,Видалити героя ,200,OK,Thread Group 1-21,text,true,,249,213,1,1,http://localhost:3001/character/1,1,0,0
1711285687510,1,Отримати всіх героїв ,200,OK,Thread Group 1-22,text,true,,985,126,1,1,http://localhost:3001/characters,1,0,1
1711285687511,1,Отримати героя за id ,200,OK,Thread Group 1-22,text,true,,235,127,1,1,http://localhost:3001/character/1,1,0,0
1711285687512,0,Створити героя,200,OK,Thread Group 1-22,text,true,,235,231,1,1,http://localhost:3001/character,0,0,0
1711285687512,1,Змінити героя ,200,OK,Thread Group 1-22,text,true,,235,232,1,1,http://localhost:3001/character/1,1,0,0
1711285687513,0,Видалити героя ,200,OK,Thread Group 1-22,text,true,,249,213,1,1,http://localhost:3001/character/1,0,0,0
1711285687520,1,Отримати всіх героїв ,200,OK,Thread Group 1-23,text,true,,985,126,1,1,http://localhost:3001/characters,1,0,0
1711285687521,0,Отримати героя за id ,200,OK,Thread Group 1-23,text,true,,235,127,1,1,http://localhost:3001/character/1,0,0,0
1711285687522,0,Створити героя,200,OK,Thread Group 1-23,text,true,,235,231,1,1,http://localhost:3001/character,0,0,0
1711285687522,0,Змінити героя ,200,OK,Thread Group 1-23,text,true,,235,232,1,1,http://localhost:3001/character/1,0,0,0
1711285687522,1,Видалити героя ,200,OK,Thread Group 1-23,text,true,,249,213,1,1,http://localhost:3001/character/1,1,0,0
1711285687530,1,Отримати всіх героїв ,200,OK,Thread Group 1-24,text,true,,985,126,1,1,http://localhost:3001/characters,1,0,0
1711285687531,0,Отримати героя за id ,200,OK,Thread Group 1-24,text,true,,235,127,1,1,http://localhost:3001/character/1,0,0,0
1711285687531,1,Створити героя,200,OK,Thread Group 1-24,text,true,,235,231,1,1,http://localhost:3001/character,1,0,0
1711285687532,0,Змінити героя ,200,OK,Thread Group 1-24,text,true,,235,232,1,1,http://localhost:3001/character/1,0,0,0
1711285687532,1,Видалити героя ,200,OK,Thread Group 1-24,text,true,,249,213,1,1,http://localhost:3001/character/1,1,0,0
1711285687539,1,Отримати всіх героїв ,200,OK,Thread Group 1-25,text,true,,985,126,1,1,http://localhost:3001/characters,1,0,0
1711285687540,1,Отримати героя за id ,200,OK,Thread Group 1-25,text,true,,235,127,1,1,http://localhost:3001/character/1,1,0,0
1711285687541,0,Створити героя,200,OK,Thread Group 1-25,text,true,,235,231,1,1,http://localhost:3001/character,0,0,0
1711285687541,1,Змінити героя ,200,OK,Thread Group 1-25,text,true,,235,232,1,1,http://localhost:3001/character/1,1,0,0
1711285687542,0,Видалити героя ,200,OK,Thread Group 1-25,text,true,,249,213,1,1,http://localhost:3001/character/1,0,0,0
1711285687550,1,Отримати всіх героїв ,200,OK,Thread Group 1-26,text,true,,985,126,1,1,http://localhost:3001/characters,1,0,0
1711285687551,0,Отримати героя за id ,200,OK,Thread Group 1-26,text,true,,235,127,1,1,http://localhost:3001/character/1,0,0,0
1711285687552,0,Створити героя,200,OK,Thread Group 1-26,text,true,,235,231,1,1,http://localhost:3001/character,0,0,0
1711285687553,1,Змінити героя ,200,OK,Thread Group 1-26,text,true,,235,232,1,1,http://localhost:3001/character/1,1,0,0
1711285687554,1,Видалити героя ,200,OK,Thread Group 1-26,text,true,,249,213,1,1,http://localhost:3001/character/1,1,0,0
1711285687560,1,Отримати всіх героїв ,200,OK,Thread Group 1-27,text,true,,985,126,1,1,http://localhost:3001/characters,1,0,0
1711285687561,0,Отримати героя за id ,200,OK,Thread Group 1-27,text,true,,235,127,1,1,http://localhost:3001/character/1,0,0,0
1711285687562,0,Створити героя,200,OK,Thread Group 1-27,text,true,,235,231,1,1,http://localhost:3001/character,0,0,0
1711285687562,0,Змінити героя ,200,OK,Thread Group 1-27,text,true,,235,232,1,1,http://localhost:3001/character/1,0,0,0
1711285687562,1,Видалити героя ,200,OK,Thread Group 1-27,text,true,,249,213,1,1,http://localhost:3001/character/1,1,0,0
1711285687570,1,Отримати всіх героїв ,200,OK,Thread Group 1-28,text,true,,985,126,1,1,http://localhost:3001/characters,1,0,0
1711285687571,0,Отримати героя за id ,200,OK,Thread Group 1-28,text,true,,235,127,1,1,http://localhost:3001/character/1,0,0,0
1711285687571,1,Створити героя,200,OK,Thread Group 1-28,text,true,,235,231,1,1,http://localhost:3001/character,1,0,0
1711285687572,0,Змінити героя ,200,OK,Thread Group 1-28,text,true,,235,232,1,1,http://localhost:3001/character/1,0,0,0
1711285687572,1,Видалити героя ,200,OK,Thread Group 1-28,text,true,,249,213,1,1,http://localhost:3001/character/1,1,0,0
1711285687580,1,Отримати всіх героїв ,200,OK,Thread Group 1-29,text,true,,985,126,1,1,http://localhost:3001/characters,1,0,0
1711285687581,0,Отримати героя за id ,200,OK,Thread Group 1-29,text,true,,235,127,1,1,http://localhost:3001/character/1,0,0,0
1711285687581,1,Створити героя,200,OK,Thread Group 1-29,text,true,,235,231,1,1,http://localhost:3001/character,1,0,0
1711285687582,0,Змінити героя ,200,OK,Thread Group 1-29,text,true,,235,232,1,1,http://localhost:3001/character/1,0,0,0
1711285687582,1,Видалити героя ,200,OK,Thread Group 1-29,text,true,,249,213,1,1,http://localhost:3001/character/1,1,0,0
1711285687590,1,Отримати всіх героїв ,200,OK,Thread Group 1-30,text,true,,985,126,1,1,http://localhost:3001/characters,1,0,0
1711285687591,0,Отримати героя за id ,200,OK,Thread Group 1-30,text,true,,235,127,1,1,http://localhost:3001/character/1,0,0,0
1711285687591,1,Створити героя,200,OK,Thread Group 1-30,text,true,,235,231,1,1,http://localhost:3001/character,1,0,0
1711285687592,0,Змінити героя ,200,OK,Thread Group 1-30,text,true,,235,232,1,1,http://localhost:3001/character/1,0,0,0
1711285687592,1,Видалити героя ,200,OK,Thread Group 1-30,text,true,,249,213,1,1,http://localhost:3001/character/1,1,0,0
1711285687599,1,Отримати всіх героїв ,200,OK,Thread Group 1-31,text,true,,985,126,1,1,http://localhost:3001/characters,1,0,1
1711285687600,0,Отримати героя за id ,200,OK,Thread Group 1-31,text,true,,235,127,1,1,http://localhost:3001/character/1,0,0,0
1711285687601,0,Створити героя,200,OK,Thread Group 1-31,text,true,,235,231,1,1,http://localhost:3001/character,0,0,0
1711285687601,0,Змінити героя ,200,OK,Thread Group 1-31,text,true,,235,232,1,1,http://localhost:3001/character/1,0,0,0
1711285687602,0,Видалити героя ,200,OK,Thread Group 1-31,text,true,,249,213,1,1,http://localhost:3001/character/1,0,0,0
1711285687609,1,Отримати всіх героїв ,200,OK,Thread Group 1-32,text,true,,985,126,1,1,http://localhost:3001/characters,1,0,0
1711285687610,0,Отримати героя за id ,200,OK,Thread Group 1-32,text,true,,235,127,1,1,http://localhost:3001/character/1,0,0,0
1711285687610,1,Створити героя,200,OK,Thread Group 1-32,text,true,,235,231,1,1,http://localhost:3001/character,1,0,0
1711285687611,0,Змінити героя ,200,OK,Thread Group 1-32,text,true,,235,232,1,1,http://localhost:3001/character/1,0,0,0
1711285687611,1,Видалити героя ,200,OK,Thread Group 1-32,text,true,,249,213,1,1,http://localhost:3001/character/1,1,0,0
1711285687619,1,Отримати всіх героїв ,200,OK,Thread Group 1-33,text,true,,985,126,1,1,http://localhost:3001/characters,1,0,1
1711285687620,1,Отримати героя за id ,200,OK,Thread Group 1-33,text,true,,235,127,1,1,http://localhost:3001/character/1,1,0,0
1711285687621,0,Створити героя,200,OK,Thread Group 1-33,text,true,,235,231,1,1,http://localhost:3001/character,0,0,0
1711285687621,1,Змінити героя ,200,OK,Thread Group 1-33,text,true,,235,232,1,1,http://localhost:3001/character/1,1,0,0
1711285687622,1,Видалити героя ,200,OK,Thread Group 1-33,text,true,,249,213,1,1,http://localhost:3001/character/1,1,0,0
1711285687629,1,Отримати всіх героїв ,200,OK,Thread Group 1-34,text,true,,985,126,1,1,http://localhost:3001/characters,1,0,1
1711285687630,1,Отримати героя за id ,200,OK,Thread Group 1-34,text,true,,235,127,1,1,http://localhost:3001/character/1,1,0,0
1711285687631,0,Створити героя,200,OK,Thread Group 1-34,text,true,,235,231,1,1,http://localhost:3001/character,0,0,0
1711285687631,1,Змінити героя ,200,OK,Thread Group 1-34,text,true,,235,232,1,1,http://localhost:3001/character/1,1,0,0
1711285687632,0,Видалити героя ,200,OK,Thread Group 1-34,text,true,,249,213,1,1,http://localhost:3001/character/1,0,0,0
1711285687639,1,Отримати всіх героїв ,200,OK,Thread Group 1-35,text,true,,985,126,1,1,http://localhost:3001/characters,1,0,1
1711285687640,1,Отримати героя за id ,200,OK,Thread Group 1-35,text,true,,235,127,1,1,http://localhost:3001/character/1,1,0,0
1711285687641,0,Створити героя,200,OK,Thread Group 1-35,text,true,,235,231,1,1,http://localhost:3001/character,0,0,0
1711285687641,0,Змінити героя ,200,OK,Thread Group 1-35,text,true,,235,232,1,1,http://localhost:3001/character/1,0,0,0
1711285687642,0,Видалити героя ,200,OK,Thread Group 1-35,text,true,,249,213,1,1,http://localhost:3001/character/1,0,0,0
1711285687649,1,Отримати всіх героїв ,200,OK,Thread Group 1-36,text,true,,985,126,1,1,http://localhost:3001/characters,1,0,1
1711285687650,1,Отримати героя за id ,200,OK,Thread Group 1-36,text,true,,235,127,1,1,http://localhost:3001/character/1,1,0,0
1711285687651,0,Створити героя,200,OK,Thread Group 1-36,text,true,,235,231,1,1,http://localhost:3001/character,0,0,0
1711285687651,0,Змінити героя ,200,OK,Thread Group 1-36,text,true,,235,232,1,1,http://localhost:3001/character/1,0,0,0
1711285687652,0,Видалити героя ,200,OK,Thread Group 1-36,text,true,,249,213,1,1,http://localhost:3001/character/1,0,0,0
1711285687660,1,Отримати всіх героїв ,200,OK,Thread Group 1-37,text,true,,985,126,1,1,http://localhost:3001/characters,1,0,0
1711285687661,0,Отримати героя за id ,200,OK,Thread Group 1-37,text,true,,235,127,1,1,http://localhost:3001/character/1,0,0,0
1711285687661,1,Створити героя,200,OK,Thread Group 1-37,text,true,,235,231,1,1,http://localhost:3001/character,1,0,0
1711285687662,0,Змінити героя ,200,OK,Thread Group 1-37,text,true,,235,232,1,1,http://localhost:3001/character/1,0,0,0
1711285687662,1,Видалити героя ,200,OK,Thread Group 1-37,text,true,,249,213,1,1,http://localhost:3001/character/1,1,0,0
1711285687670,1,Отримати всіх героїв ,200,OK,Thread Group 1-38,text,true,,985,126,1,1,http://localhost:3001/characters,1,0,0
1711285687671,0,Отримати героя за id ,200,OK,Thread Group 1-38,text,true,,235,127,1,1,http://localhost:3001/character/1,0,0,0
1711285687671,0,Створити героя,200,OK,Thread Group 1-38,text,true,,235,231,1,1,http://localhost:3001/character,0,0,0
1711285687672,0,Змінити героя ,200,OK,Thread Group 1-38,text,true,,235,232,1,1,http://localhost:3001/character/1,0,0,0
1711285687672,0,Видалити героя ,200,OK,Thread Group 1-38,text,true,,249,213,1,1,http://localhost:3001/character/1,0,0,0
1711285687680,0,Отримати всіх героїв ,200,OK,Thread Group 1-39,text,true,,985,126,1,1,http://localhost:3001/characters,0,0,0
1711285687681,0,Отримати героя за id ,200,OK,Thread Group 1-39,text,true,,235,127,1,1,http://localhost:3001/character/1,0,0,0
1711285687681,1,Створити героя,200,OK,Thread Group 1-39,text,true,,235,231,1,1,http://localhost:3001/character,1,0,0
1711285687682,1,Змінити героя ,200,OK,Thread Group 1-39,text,true,,235,232,1,1,http://localhost:3001/character/1,1,0,0
1711285687683,1,Видалити героя ,200,OK,Thread Group 1-39,text,true,,249,213,1,1,http://localhost:3001/character/1,1,0,0
1711285687689,1,Отримати всіх героїв ,200,OK,Thread Group 1-40,text,true,,985,126,1,1,http://localhost:3001/characters,1,0,0
1711285687690,0,Отримати героя за id ,200,OK,Thread Group 1-40,text,true,,235,127,1,1,http://localhost:3001/character/1,0,0,0
1711285687690,1,Створити героя,200,OK,Thread Group 1-40,text,true,,235,231,1,1,http://localhost:3001/character,1,0,0
1711285687691,0,Змінити героя ,200,OK,Thread Group 1-40,text,true,,235,232,1,1,http://localhost:3001/character/1,0,0,0
1711285687691,1,Видалити героя ,200,OK,Thread Group 1-40,text,true,,249,213,1,1,http://localhost:3001/character/1,1,0,0
1711285687700,1,Отримати всіх героїв ,200,OK,Thread Group 1-41,text,true,,985,126,1,1,http://localhost:3001/characters,1,0,0
1711285687701,0,Отримати героя за id ,200,OK,Thread Group 1-41,text,true,,235,127,1,1,http://localhost:3001/character/1,0,0,0
1711285687701,1,Створити героя,200,OK,Thread Group 1-41,text,true,,235,231,1,1,http://localhost:3001/character,1,0,0
1711285687702,0,Змінити героя ,200,OK,Thread Group 1-41,text,true,,235,232,1,1,http://localhost:3001/character/1,0,0,0
1711285687702,1,Видалити героя ,200,OK,Thread Group 1-41,text,true,,249,213,1,1,http://localhost:3001/character/1,1,0,0
1711285687709,0,Отримати всіх героїв ,200,OK,Thread Group 1-42,text,true,,985,126,1,1,http://localhost:3001/characters,0,0,0
1711285687710,0,Отримати героя за id ,200,OK,Thread Group 1-42,text,true,,235,127,1,1,http://localhost:3001/character/1,0,0,0
1711285687710,0,Створити героя,200,OK,Thread Group 1-42,text,true,,235,231,1,1,http://localhost:3001/character,0,0,0
1711285687710,1,Змінити героя ,200,OK,Thread Group 1-42,text,true,,235,232,1,1,http://localhost:3001/character/1,1,0,0
1711285687711,0,Видалити героя ,200,OK,Thread Group 1-42,text,true,,249,213,1,1,http://localhost:3001/character/1,0,0,0
1711285687721,1,Отримати всіх героїв ,200,OK,Thread Group 1-43,text,true,,985,126,1,1,http://localhost:3001/characters,1,0,0
1711285687722,0,Отримати героя за id ,200,OK,Thread Group 1-43,text,true,,235,127,1,1,http://localhost:3001/character/1,0,0,0
1711285687722,0,Створити героя,200,OK,Thread Group 1-43,text,true,,235,231,1,1,http://localhost:3001/character,0,0,0
1711285687723,0,Змінити героя ,200,OK,Thread Group 1-43,text,true,,235,232,1,1,http://localhost:3001/character/1,0,0,0
1711285687723,1,Видалити героя ,200,OK,Thread Group 1-43,text,true,,249,213,1,1,http://localhost:3001/character/1,1,0,0
1711285687730,0,Отримати всіх героїв ,200,OK,Thread Group 1-44,text,true,,985,126,1,1,http://localhost:3001/characters,0,0,0
1711285687731,0,Отримати героя за id ,200,OK,Thread Group 1-44,text,true,,235,127,1,1,http://localhost:3001/character/1,0,0,0
1711285687731,0,Створити героя,200,OK,Thread Group 1-44,text,true,,235,231,1,1,http://localhost:3001/character,0,0,0
1711285687732,0,Змінити героя ,200,OK,Thread Group 1-44,text,true,,235,232,1,1,http://localhost:3001/character/1,0,0,0
1711285687732,0,Видалити героя ,200,OK,Thread Group 1-44,text,true,,249,213,1,1,http://localhost:3001/character/1,0,0,0
1711285687740,0,Отримати всіх героїв ,200,OK,Thread Group 1-45,text,true,,985,126,1,1,http://localhost:3001/characters,0,0,0
1711285687740,1,Отримати героя за id ,200,OK,Thread Group 1-45,text,true,,235,127,1,1,http://localhost:3001/character/1,1,0,0
1711285687741,0,Створити героя,200,OK,Thread Group 1-45,text,true,,235,231,1,1,http://localhost:3001/character,0,0,0
1711285687741,1,Змінити героя ,200,OK,Thread Group 1-45,text,true,,235,232,1,1,http://localhost:3001/character/1,1,0,0
1711285687742,0,Видалити героя ,200,OK,Thread Group 1-45,text,true,,249,213,1,1,http://localhost:3001/character/1,0,0,0
1711285687750,0,Отримати всіх героїв ,200,OK,Thread Group 1-46,text,true,,985,126,1,1,http://localhost:3001/characters,0,0,0
1711285687750,1,Отримати героя за id ,200,OK,Thread Group 1-46,text,true,,235,127,1,1,http://localhost:3001/character/1,1,0,0
1711285687751,0,Створити героя,200,OK,Thread Group 1-46,text,true,,235,231,1,1,http://localhost:3001/character,0,0,0
1711285687751,1,Змінити героя ,200,OK,Thread Group 1-46,text,true,,235,232,1,1,http://localhost:3001/character/1,1,0,0
1711285687752,0,Видалити героя ,200,OK,Thread Group 1-46,text,true,,249,213,1,1,http://localhost:3001/character/1,0,0,0
1711285687760,0,Отримати всіх героїв ,200,OK,Thread Group 1-47,text,true,,985,126,1,1,http://localhost:3001/characters,0,0,0
1711285687760,1,Отримати героя за id ,200,OK,Thread Group 1-47,text,true,,235,127,1,1,http://localhost:3001/character/1,1,0,0
1711285687761,0,Створити героя,200,OK,Thread Group 1-47,text,true,,235,231,1,1,http://localhost:3001/character,0,0,0
1711285687761,1,Змінити героя ,200,OK,Thread Group 1-47,text,true,,235,232,1,1,http://localhost:3001/character/1,1,0,0
1711285687762,0,Видалити героя ,200,OK,Thread Group 1-47,text,true,,249,213,1,1,http://localhost:3001/character/1,0,0,0
1711285687770,0,Отримати всіх героїв ,200,OK,Thread Group 1-48,text,true,,985,126,1,1,http://localhost:3001/characters,0,0,0
1711285687770,1,Отримати героя за id ,200,OK,Thread Group 1-48,text,true,,235,127,1,1,http://localhost:3001/character/1,1,0,0
1711285687771,0,Створити героя,200,OK,Thread Group 1-48,text,true,,235,231,1,1,http://localhost:3001/character,0,0,0
1711285687771,1,Змінити героя ,200,OK,Thread Group 1-48,text,true,,235,232,1,1,http://localhost:3001/character/1,1,0,0
1711285687772,0,Видалити героя ,200,OK,Thread Group 1-48,text,true,,249,213,1,1,http://localhost:3001/character/1,0,0,0
1711285687780,0,Отримати всіх героїв ,200,OK,Thread Group 1-49,text,true,,985,126,1,1,http://localhost:3001/characters,0,0,0
1711285687780,1,Отримати героя за id ,200,OK,Thread Group 1-49,text,true,,235,127,1,1,http://localhost:3001/character/1,1,0,0
1711285687781,1,Створити героя,200,OK,Thread Group 1-49,text,true,,235,231,1,1,http://localhost:3001/character,1,0,0
1711285687782,0,Змінити героя ,200,OK,Thread Group 1-49,text,true,,235,232,1,1,http://localhost:3001/character/1,0,0,0
1711285687782,1,Видалити героя ,200,OK,Thread Group 1-49,text,true,,249,213,1,1,http://localhost:3001/character/1,1,0,0
1711285687790,0,Отримати всіх героїв ,200,OK,Thread Group 1-50,text,true,,985,126,1,1,http://localhost:3001/characters,0,0,0
1711285687791,0,Отримати героя за id ,200,OK,Thread Group 1-50,text,true,,235,127,1,1,http://localhost:3001/character/1,0,0,0
1711285687791,1,Створити героя,200,OK,Thread Group 1-50,text,true,,235,231,1,1,http://localhost:3001/character,1,0,0
1711285687792,0,Змінити героя ,200,OK,Thread Group 1-50,text,true,,235,232,1,1,http://localhost:3001/character/1,0,0,0
1711285687792,0,Видалити героя ,200,OK,Thread Group 1-50,text,true,,249,213,1,1,http://localhost:3001/character/1,0,0,0
1711285687800,1,Отримати всіх героїв ,200,OK,Thread Group 1-51,text,true,,985,126,1,1,http://localhost:3001/characters,1,0,0
1711285687801,0,Отримати героя за id ,200,OK,Thread Group 1-51,text,true,,235,127,1,1,http://localhost:3001/character/1,0,0,0
1711285687801,1,Створити героя,200,OK,Thread Group 1-51,text,true,,235,231,1,1,http://localhost:3001/character,1,0,0
1711285687802,0,Змінити героя ,200,OK,Thread Group 1-51,text,true,,235,232,1,1,http://localhost:3001/character/1,0,0,0
1711285687802,1,Видалити героя ,200,OK,Thread Group 1-51,text,true,,249,213,1,1,http://localhost:3001/character/1,1,0,0
1711285687810,1,Отримати всіх героїв ,200,OK,Thread Group 1-52,text,true,,985,126,1,1,http://localhost:3001/characters,1,0,1
1711285687811,1,Отримати героя за id ,200,OK,Thread Group 1-52,text,true,,235,127,1,1,http://localhost:3001/character/1,1,0,0
1711285687812,0,Створити героя,200,OK,Thread Group 1-52,text,true,,235,231,1,1,http://localhost:3001/character,0,0,0
1711285687813,0,Змінити героя ,200,OK,Thread Group 1-52,text,true,,235,232,1,1,http://localhost:3001/character/1,0,0,0
1711285687813,1,Видалити героя ,200,OK,Thread Group 1-52,text,true,,249,213,1,1,http://localhost:3001/character/1,1,0,0
1711285687821,1,Отримати всіх героїв ,200,OK,Thread Group 1-53,text,true,,985,126,1,1,http://localhost:3001/characters,1,0,1
1711285687822,1,Отримати героя за id ,200,OK,Thread Group 1-53,text,true,,235,127,1,1,http://localhost:3001/character/1,1,0,0
1711285687823,0,Створити героя,200,OK,Thread Group 1-53,text,true,,235,231,1,1,http://localhost:3001/character,0,0,0
1711285687823,0,Змінити героя ,200,OK,Thread Group 1-53,text,true,,235,232,1,1,http://localhost:3001/character/1,0,0,0
1711285687824,0,Видалити героя ,200,OK,Thread Group 1-53,text,true,,249,213,1,1,http://localhost:3001/character/1,0,0,0
1711285687829,1,Отримати всіх героїв ,200,OK,Thread Group 1-54,text,true,,985,126,1,1,http://localhost:3001/characters,1,0,1
1711285687830,1,Отримати героя за id ,200,OK,Thread Group 1-54,text,true,,235,127,1,1,http://localhost:3001/character/1,1,0,0
1711285687831,0,Створити героя,200,OK,Thread Group 1-54,text,true,,235,231,1,1,http://localhost:3001/character,0,0,0
1711285687831,0,Змінити героя ,200,OK,Thread Group 1-54,text,true,,235,232,1,1,http://localhost:3001/character/1,0,0,0
1711285687832,0,Видалити героя ,200,OK,Thread Group 1-54,text,true,,249,213,1,1,http://localhost:3001/character/1,0,0,0
1711285687841,1,Отримати всіх героїв ,200,OK,Thread Group 1-55,text,true,,985,126,1,1,http://localhost:3001/characters,1,0,0
1711285687842,0,Отримати героя за id ,200,OK,Thread Group 1-55,text,true,,235,127,1,1,http://localhost:3001/character/1,0,0,0
1711285687842,1,Створити героя,200,OK,Thread Group 1-55,text,true,,235,231,1,1,http://localhost:3001/character,1,0,0
1711285687843,0,Змінити героя ,200,OK,Thread Group 1-55,text,true,,235,232,1,1,http://localhost:3001/character/1,0,0,0
1711285687843,1,Видалити героя ,200,OK,Thread Group 1-55,text,true,,249,213,1,1,http://localhost:3001/character/1,1,0,0
1711285687849,1,Отримати всіх героїв ,200,OK,Thread Group 1-56,text,true,,985,126,1,1,http://localhost:3001/characters,1,0,0
1711285687850,0,Отримати героя за id ,200,OK,Thread Group 1-56,text,true,,235,127,1,1,http://localhost:3001/character/1,0,0,0
1711285687850,0,Створити героя,200,OK,Thread Group 1-56,text,true,,235,231,1,1,http://localhost:3001/character,0,0,0
1711285687851,0,Змінити героя ,200,OK,Thread Group 1-56,text,true,,235,232,1,1,http://localhost:3001/character/1,0,0,0
1711285687851,0,Видалити героя ,200,OK,Thread Group 1-56,text,true,,249,213,1,1,http://localhost:3001/character/1,0,0,0
1711285687860,1,Отримати всіх героїв ,200,OK,Thread Group 1-57,text,true,,985,126,1,1,http://localhost:3001/characters,1,0,0
1711285687861,0,Отримати героя за id ,200,OK,Thread Group 1-57,text,true,,235,127,1,1,http://localhost:3001/character/1,0,0,0
1711285687861,1,Створити героя,200,OK,Thread Group 1-57,text,true,,235,231,1,1,http://localhost:3001/character,1,0,0
1711285687862,0,Змінити героя ,200,OK,Thread Group 1-57,text,true,,235,232,1,1,http://localhost:3001/character/1,0,0,0
1711285687862,1,Видалити героя ,200,OK,Thread Group 1-57,text,true,,249,213,1,1,http://localhost:3001/character/1,0,0,0
1711285687870,0,Отримати всіх героїв ,200,OK,Thread Group 1-58,text,true,,985,126,1,1,http://localhost:3001/characters,0,0,0
1711285687870,1,Отримати героя за id ,200,OK,Thread Group 1-58,text,true,,235,127,1,1,http://localhost:3001/character/1,1,0,0
1711285687871,0,Створити героя,200,OK,Thread Group 1-58,text,true,,235,231,1,1,http://localhost:3001/character,0,0,0
1711285687871,1,Змінити героя ,200,OK,Thread Group 1-58,text,true,,235,232,1,1,http://localhost:3001/character/1,1,0,0
1711285687872,0,Видалити героя ,200,OK,Thread Group 1-58,text,true,,249,213,1,1,http://localhost:3001/character/1,0,0,0
1711285687880,0,Отримати всіх героїв ,200,OK,Thread Group 1-59,text,true,,985,126,1,1,http://localhost:3001/characters,0,0,0
1711285687880,1,Отримати героя за id ,200,OK,Thread Group 1-59,text,true,,235,127,1,1,http://localhost:3001/character/1,1,0,0
1711285687881,0,Створити героя,200,OK,Thread Group 1-59,text,true,,235,231,1,1,http://localhost:3001/character,0,0,0
1711285687881,1,Змінити героя ,200,OK,Thread Group 1-59,text,true,,235,232,1,1,http://localhost:3001/character/1,1,0,0
1711285687882,0,Видалити героя ,200,OK,Thread Group 1-59,text,true,,249,213,1,1,http://localhost:3001/character/1,0,0,0
1711285687889,0,Отримати всіх героїв ,200,OK,Thread Group 1-60,text,true,,985,126,1,1,http://localhost:3001/characters,0,0,0
1711285687889,1,Отримати героя за id ,200,OK,Thread Group 1-60,text,true,,235,127,1,1,http://localhost:3001/character/1,1,0,0
1711285687890,0,Створити героя,200,OK,Thread Group 1-60,text,true,,235,231,1,1,http://localhost:3001/character,0,0,0
1711285687890,0,Змінити героя ,200,OK,Thread Group 1-60,text,true,,235,232,1,1,http://localhost:3001/character/1,0,0,0
1711285687891,0,Видалити героя ,200,OK,Thread Group 1-60,text,true,,249,213,1,1,http://localhost:3001/character/1,0,0,0
1711285687900,1,Отримати всіх героїв ,200,OK,Thread Group 1-61,text,true,,985,126,1,1,http://localhost:3001/characters,1,0,0
1711285687901,0,Отримати героя за id ,200,OK,Thread Group 1-61,text,true,,235,127,1,1,http://localhost:3001/character/1,0,0,0
1711285687901,1,Створити героя,200,OK,Thread Group 1-61,text,true,,235,231,1,1,http://localhost:3001/character,1,0,0
1711285687902,0,Змінити героя ,200,OK,Thread Group 1-61,text,true,,235,232,1,1,http://localhost:3001/character/1,0,0,0
1711285687902,1,Видалити героя ,200,OK,Thread Group 1-61,text,true,,249,213,1,1,http://localhost:3001/character/1,1,0,0
1711285687910,0,Отримати всіх героїв ,200,OK,Thread Group 1-62,text,true,,985,126,1,1,http://localhost:3001/characters,0,0,0
1711285687911,0,Отримати героя за id ,200,OK,Thread Group 1-62,text,true,,235,127,1,1,http://localhost:3001/character/1,0,0,0
1711285687911,0,Створити героя,200,OK,Thread Group 1-62,text,true,,235,231,1,1,http://localhost:3001/character,0,0,0
1711285687911,1,Змінити героя ,200,OK,Thread Group 1-62,text,true,,235,232,1,1,http://localhost:3001/character/1,1,0,0
1711285687912,0,Видалити героя ,200,OK,Thread Group 1-62,text,true,,249,213,1,1,http://localhost:3001/character/1,0,0,0
1711285687919,1,Отримати всіх героїв ,200,OK,Thread Group 1-63,text,true,,985,126,1,1,http://localhost:3001/characters,1,0,1
1711285687920,1,Отримати героя за id ,200,OK,Thread Group 1-63,text,true,,235,127,1,1,http://localhost:3001/character/1,1,0,0
1711285687921,0,Створити героя,200,OK,Thread Group 1-63,text,true,,235,231,1,1,http://localhost:3001/character,0,0,0
1711285687921,1,Змінити героя ,200,OK,Thread Group 1-63,text,true,,235,232,1,1,http://localhost:3001/character/1,1,0,0
1711285687922,0,Видалити героя ,200,OK,Thread Group 1-63,text,true,,249,213,1,1,http://localhost:3001/character/1,0,0,0
1711285687930,0,Отримати всіх героїв ,200,OK,Thread Group 1-64,text,true,,985,126,1,1,http://localhost:3001/characters,0,0,0
1711285687930,1,Отримати героя за id ,200,OK,Thread Group 1-64,text,true,,235,127,1,1,http://localhost:3001/character/1,1,0,0
1711285687931,0,Створити героя,200,OK,Thread Group 1-64,text,true,,235,231,1,1,http://localhost:3001/character,0,0,0
1711285687931,1,Змінити героя ,200,OK,Thread Group 1-64,text,true,,235,232,1,1,http://localhost:3001/character/1,1,0,0
1711285687932,0,Видалити героя ,200,OK,Thread Group 1-64,text,true,,249,213,1,1,http://localhost:3001/character/1,0,0,0
1711285687939,0,Отримати всіх героїв ,200,OK,Thread Group 1-65,text,true,,985,126,1,1,http://localhost:3001/characters,0,0,0
1711285687939,1,Отримати героя за id ,200,OK,Thread Group 1-65,text,true,,235,127,1,1,http://localhost:3001/character/1,1,0,0
1711285687940,0,Створити героя,200,OK,Thread Group 1-65,text,true,,235,231,1,1,http://localhost:3001/character,0,0,0
1711285687940,1,Змінити героя ,200,OK,Thread Group 1-65,text,true,,235,232,1,1,http://localhost:3001/character/1,1,0,0
1711285687941,0,Видалити героя ,200,OK,Thread Group 1-65,text,true,,249,213,1,1,http://localhost:3001/character/1,0,0,0
1711285687949,0,Отримати всіх героїв ,200,OK,Thread Group 1-66,text,true,,985,126,1,1,http://localhost:3001/characters,0,0,0
1711285687950,0,Отримати героя за id ,200,OK,Thread Group 1-66,text,true,,235,127,1,1,http://localhost:3001/character/1,0,0,0
1711285687950,0,Створити героя,200,OK,Thread Group 1-66,text,true,,235,231,1,1,http://localhost:3001/character,0,0,0
1711285687950,1,Змінити героя ,200,OK,Thread Group 1-66,text,true,,235,232,1,1,http://localhost:3001/character/1,1,0,0
1711285687951,0,Видалити героя ,200,OK,Thread Group 1-66,text,true,,249,213,1,1,http://localhost:3001/character/1,0,0,0
1711285687960,0,Отримати всіх героїв ,200,OK,Thread Group 1-67,text,true,,985,126,1,1,http://localhost:3001/characters,0,0,0
1711285687961,0,Отримати героя за id ,200,OK,Thread Group 1-67,text,true,,235,127,1,1,http://localhost:3001/character/1,0,0,0
1711285687961,0,Створити героя,200,OK,Thread Group 1-67,text,true,,235,231,1,1,http://localhost:3001/character,0,0,0
1711285687961,1,Змінити героя ,200,OK,Thread Group 1-67,text,true,,235,232,1,1,http://localhost:3001/character/1,1,0,0
1711285687962,0,Видалити героя ,200,OK,Thread Group 1-67,text,true,,249,213,1,1,http://localhost:3001/character/1,0,0,0
1711285687970,1,Отримати всіх героїв ,200,OK,Thread Group 1-68,text,true,,985,126,1,1,http://localhost:3001/characters,0,0,0
1711285687971,0,Отримати героя за id ,200,OK,Thread Group 1-68,text,true,,235,127,1,1,http://localhost:3001/character/1,0,0,0
1711285687971,0,Створити героя,200,OK,Thread Group 1-68,text,true,,235,231,1,1,http://localhost:3001/character,0,0,0
1711285687971,1,Змінити героя ,200,OK,Thread Group 1-68,text,true,,235,232,1,1,http://localhost:3001/character/1,1,0,0
1711285687972,0,Видалити героя ,200,OK,Thread Group 1-68,text,true,,249,213,1,1,http://localhost:3001/character/1,0,0,0
1711285687979,0,Отримати всіх героїв ,200,OK,Thread Group 1-69,text,true,,985,126,1,1,http://localhost:3001/characters,0,0,0
1711285687979,1,Отримати героя за id ,200,OK,Thread Group 1-69,text,true,,235,127,1,1,http://localhost:3001/character/1,1,0,0
1711285687980,0,Створити героя,200,OK,Thread Group 1-69,text,true,,235,231,1,1,http://localhost:3001/character,0,0,0
1711285687980,0,Змінити героя ,200,OK,Thread Group 1-69,text,true,,235,232,1,1,http://localhost:3001/character/1,0,0,0
1711285687981,0,Видалити героя ,200,OK,Thread Group 1-69,text,true,,249,213,1,1,http://localhost:3001/character/1,0,0,0
1711285687989,1,Отримати всіх героїв ,200,OK,Thread Group 1-70,text,true,,985,126,1,1,http://localhost:3001/characters,1,0,1
1711285687990,1,Отримати героя за id ,200,OK,Thread Group 1-70,text,true,,235,127,1,1,http://localhost:3001/character/1,1,0,0
1711285687991,0,Створити героя,200,OK,Thread Group 1-70,text,true,,235,231,1,1,http://localhost:3001/character,0,0,0
1711285687991,0,Змінити героя ,200,OK,Thread Group 1-70,text,true,,235,232,1,1,http://localhost:3001/character/1,0,0,0
1711285687992,0,Видалити героя ,200,OK,Thread Group 1-70,text,true,,249,213,1,1,http://localhost:3001/character/1,0,0,0
1711285687999,1,Отримати всіх героїв ,200,OK,Thread Group 1-71,text,true,,985,126,1,1,http://localhost:3001/characters,1,0,1
1711285688000,1,Отримати героя за id ,200,OK,Thread Group 1-71,text,true,,235,127,1,1,http://localhost:3001/character/1,1,0,0
1711285688001,0,Створити героя,200,OK,Thread Group 1-71,text,true,,235,231,1,1,http://localhost:3001/character,0,0,0
1711285688001,0,Змінити героя ,200,OK,Thread Group 1-71,text,true,,235,232,1,1,http://localhost:3001/character/1,0,0,0
1711285688001,1,Видалити героя ,200,OK,Thread Group 1-71,text,true,,249,213,1,1,http://localhost:3001/character/1,1,0,0
1711285688009,1,Отримати всіх героїв ,200,OK,Thread Group 1-72,text,true,,985,126,1,1,http://localhost:3001/characters,1,0,1
1711285688010,1,Отримати героя за id ,200,OK,Thread Group 1-72,text,true,,235,127,1,1,http://localhost:3001/character/1,1,0,0
1711285688011,0,Створити героя,200,OK,Thread Group 1-72,text,true,,235,231,1,1,http://localhost:3001/character,0,0,0
1711285688011,0,Змінити героя ,200,OK,Thread Group 1-72,text,true,,235,232,1,1,http://localhost:3001/character/1,0,0,0
1711285688012,0,Видалити героя ,200,OK,Thread Group 1-72,text,true,,249,213,1,1,http://localhost:3001/character/1,0,0,0
1711285688019,1,Отримати всіх героїв ,200,OK,Thread Group 1-73,text,true,,985,126,1,1,http://localhost:3001/characters,1,0,1
1711285688020,1,Отримати героя за id ,200,OK,Thread Group 1-73,text,true,,235,127,1,1,http://localhost:3001/character/1,1,0,0
1711285688021,0,Створити героя,200,OK,Thread Group 1-73,text,true,,235,231,1,1,http://localhost:3001/character,0,0,0
1711285688021,0,Змінити героя ,200,OK,Thread Group 1-73,text,true,,235,232,1,1,http://localhost:3001/character/1,0,0,0
1711285688022,0,Видалити героя ,200,OK,Thread Group 1-73,text,true,,249,213,1,1,http://localhost:3001/character/1,0,0,0
1711285688029,1,Отримати всіх героїв ,200,OK,Thread Group 1-74,text,true,,985,126,1,1,http://localhost:3001/characters,1,0,1
1711285688030,1,Отримати героя за id ,200,OK,Thread Group 1-74,text,true,,235,127,1,1,http://localhost:3001/character/1,1,0,0
1711285688031,0,Створити героя,200,OK,Thread Group 1-74,text,true,,235,231,1,1,http://localhost:3001/character,0,0,0
1711285688031,0,Змінити героя ,200,OK,Thread Group 1-74,text,true,,235,232,1,1,http://localhost:3001/character/1,0,0,0
1711285688031,1,Видалити героя ,200,OK,Thread Group 1-74,text,true,,249,213,1,1,http://localhost:3001/character/1,1,0,0
1711285688039,1,Отримати всіх героїв ,200,OK,Thread Group 1-75,text,true,,985,126,1,1,http://localhost:3001/characters,1,0,1
1711285688040,0,Отримати героя за id ,200,OK,Thread Group 1-75,text,true,,235,127,1,1,http://localhost:3001/character/1,0,0,0
1711285688040,1,Створити героя,200,OK,Thread Group 1-75,text,true,,235,231,1,1,http://localhost:3001/character,1,0,0
1711285688041,0,Змінити героя ,200,OK,Thread Group 1-75,text,true,,235,232,1,1,http://localhost:3001/character/1,0,0,0
1711285688041,0,Видалити героя ,200,OK,Thread Group 1-75,text,true,,249,213,1,1,http://localhost:3001/character/1,0,0,0
1711285688050,1,Отримати всіх героїв ,200,OK,Thread Group 1-76,text,true,,985,126,1,1,http://localhost:3001/characters,1,0,1
1711285688051,0,Отримати героя за id ,200,OK,Thread Group 1-76,text,true,,235,127,1,1,http://localhost:3001/character/1,0,0,0
1711285688051,1,Створити героя,200,OK,Thread Group 1-76,text,true,,235,231,1,1,http://localhost:3001/character,1,0,0
1711285688052,0,Змінити героя ,200,OK,Thread Group 1-76,text,true,,235,232,1,1,http://localhost:3001/character/1,0,0,0
1711285688052,1,Видалити героя ,200,OK,Thread Group 1-76,text,true,,249,213,1,1,http://localhost:3001/character/1,1,0,0
1711285688059,1,Отримати всіх героїв ,200,OK,Thread Group 1-77,text,true,,985,126,1,1,http://localhost:3001/characters,1,0,1
1711285688060,0,Отримати героя за id ,200,OK,Thread Group 1-77,text,true,,235,127,1,1,http://localhost:3001/character/1,0,0,0
1711285688061,0,Створити героя,200,OK,Thread Group 1-77,text,true,,235,231,1,1,http://localhost:3001/character,0,0,0
1711285688061,1,Змінити героя ,200,OK,Thread Group 1-77,text,true,,235,232,1,1,http://localhost:3001/character/1,1,0,0
1711285688062,0,Видалити героя ,200,OK,Thread Group 1-77,text,true,,249,213,1,1,http://localhost:3001/character/1,0,0,0
1711285688069,1,Отримати всіх героїв ,200,OK,Thread Group 1-78,text,true,,985,126,1,1,http://localhost:3001/characters,1,0,1
1711285688071,0,Отримати героя за id ,200,OK,Thread Group 1-78,text,true,,235,127,1,1,http://localhost:3001/character/1,0,0,0
1711285688071,1,Створити героя,200,OK,Thread Group 1-78,text,true,,235,231,1,1,http://localhost:3001/character,1,0,0
1711285688072,1,Змінити героя ,200,OK,Thread Group 1-78,text,true,,235,232,1,1,http://localhost:3001/character/1,1,0,0
1711285688073,0,Видалити героя ,200,OK,Thread Group 1-78,text,true,,249,213,1,1,http://localhost:3001/character/1,0,0,0
1711285688080,1,Отримати всіх героїв ,200,OK,Thread Group 1-79,text,true,,985,126,1,1,http://localhost:3001/characters,1,0,1
1711285688081,1,Отримати героя за id ,200,OK,Thread Group 1-79,text,true,,235,127,1,1,http://localhost:3001/character/1,1,0,0
1711285688082,0,Створити героя,200,OK,Thread Group 1-79,text,true,,235,231,1,1,http://localhost:3001/character,0,0,0
1711285688082,1,Змінити героя ,200,OK,Thread Group 1-79,text,true,,235,232,1,1,http://localhost:3001/character/1,1,0,0
1711285688083,0,Видалити героя ,200,OK,Thread Group 1-79,text,true,,249,213,1,1,http://localhost:3001/character/1,0,0,0
1711285688089,1,Отримати всіх героїв ,200,OK,Thread Group 1-80,text,true,,985,126,1,1,http://localhost:3001/characters,1,0,0
1711285688090,0,Отримати героя за id ,200,OK,Thread Group 1-80,text,true,,235,127,1,1,http://localhost:3001/character/1,0,0,0
1711285688090,0,Створити героя,200,OK,Thread Group 1-80,text,true,,235,231,1,1,http://localhost:3001/character,0,0,0
1711285688090,1,Змінити героя ,200,OK,Thread Group 1-80,text,true,,235,232,1,1,http://localhost:3001/character/1,1,0,0
1711285688091,0,Видалити героя ,200,OK,Thread Group 1-80,text,true,,249,213,1,1,http://localhost:3001/character/1,0,0,0
1711285688099,1,Отримати всіх героїв ,200,OK,Thread Group 1-81,text,true,,985,126,1,1,http://localhost:3001/characters,1,0,1
1711285688100,0,Отримати героя за id ,200,OK,Thread Group 1-81,text,true,,235,127,1,1,http://localhost:3001/character/1,0,0,0
1711285688100,1,Створити героя,200,OK,Thread Group 1-81,text,true,,235,231,1,1,http://localhost:3001/character,1,0,0
1711285688101,0,Змінити героя ,200,OK,Thread Group 1-81,text,true,,235,232,1,1,http://localhost:3001/character/1,0,0,0
1711285688101,0,Видалити героя ,200,OK,Thread Group 1-81,text,true,,249,213,1,1,http://localhost:3001/character/1,0,0,0
1711285688109,1,Отримати всіх героїв ,200,OK,Thread Group 1-82,text,true,,985,126,1,1,http://localhost:3001/characters,1,0,1
1711285688110,1,Отримати героя за id ,200,OK,Thread Group 1-82,text,true,,235,127,1,1,http://localhost:3001/character/1,0,0,0
1711285688111,0,Створити героя,200,OK,Thread Group 1-82,text,true,,235,231,1,1,http://localhost:3001/character,0,0,0
1711285688111,0,Змінити героя ,200,OK,Thread Group 1-82,text,true,,235,232,1,1,http://localhost:3001/character/1,0,0,0
1711285688111,1,Видалити героя ,200,OK,Thread Group 1-82,text,true,,249,213,1,1,http://localhost:3001/character/1,1,0,0
1711285688120,1,Отримати всіх героїв ,200,OK,Thread Group 1-83,text,true,,985,126,1,1,http://localhost:3001/characters,1,0,1
1711285688121,0,Отримати героя за id ,200,OK,Thread Group 1-83,text,true,,235,127,1,1,http://localhost:3001/character/1,0,0,0
1711285688121,1,Створити героя,200,OK,Thread Group 1-83,text,true,,235,231,1,1,http://localhost:3001/character,1,0,0
1711285688122,0,Змінити героя ,200,OK,Thread Group 1-83,text,true,,235,232,1,1,http://localhost:3001/character/1,0,0,0
1711285688122,1,Видалити героя ,200,OK,Thread Group 1-83,text,true,,249,213,1,1,http://localhost:3001/character/1,1,0,0
1711285688129,1,Отримати всіх героїв ,200,OK,Thread Group 1-84,text,true,,985,126,1,1,http://localhost:3001/characters,1,0,0
1711285688130,0,Отримати героя за id ,200,OK,Thread Group 1-84,text,true,,235,127,1,1,http://localhost:3001/character/1,0,0,0
1711285688130,0,Створити героя,200,OK,Thread Group 1-84,text,true,,235,231,1,1,http://localhost:3001/character,0,0,0
1711285688131,0,Змінити героя ,200,OK,Thread Group 1-84,text,true,,235,232,1,1,http://localhost:3001/character/1,0,0,0
1711285688131,0,Видалити героя ,200,OK,Thread Group 1-84,text,true,,249,213,1,1,http://localhost:3001/character/1,0,0,0
1711285688140,1,Отримати всіх героїв ,200,OK,Thread Group 1-85,text,true,,985,126,1,1,http://localhost:3001/characters,1,0,0
1711285688141,0,Отримати героя за id ,200,OK,Thread Group 1-85,text,true,,235,127,1,1,http://localhost:3001/character/1,0,0,0
1711285688141,1,Створити героя,200,OK,Thread Group 1-85,text,true,,235,231,1,1,http://localhost:3001/character,0,0,0
1711285688142,0,Змінити героя ,200,OK,Thread Group 1-85,text,true,,235,232,1,1,http://localhost:3001/character/1,0,0,0
1711285688142,0,Видалити героя ,200,OK,Thread Group 1-85,text,true,,249,213,1,1,http://localhost:3001/character/1,0,0,0
1711285688150,1,Отримати всіх героїв ,200,OK,Thread Group 1-86,text,true,,985,126,1,1,http://localhost:3001/characters,1,0,0
1711285688151,0,Отримати героя за id ,200,OK,Thread Group 1-86,text,true,,235,127,1,1,http://localhost:3001/character/1,0,0,0
1711285688151,0,Створити героя,200,OK,Thread Group 1-86,text,true,,235,231,1,1,http://localhost:3001/character,0,0,0
1711285688151,1,Змінити героя ,200,OK,Thread Group 1-86,text,true,,235,232,1,1,http://localhost:3001/character/1,1,0,0
1711285688152,0,Видалити героя ,200,OK,Thread Group 1-86,text,true,,249,213,1,1,http://localhost:3001/character/1,0,0,0
1711285688159,1,Отримати всіх героїв ,200,OK,Thread Group 1-87,text,true,,985,126,1,1,http://localhost:3001/characters,1,0,0
1711285688160,0,Отримати героя за id ,200,OK,Thread Group 1-87,text,true,,235,127,1,1,http://localhost:3001/character/1,0,0,0
1711285688160,0,Створити героя,200,OK,Thread Group 1-87,text,true,,235,231,1,1,http://localhost:3001/character,0,0,0
1711285688160,1,Змінити героя ,200,OK,Thread Group 1-87,text,true,,235,232,1,1,http://localhost:3001/character/1,1,0,0
1711285688161,0,Видалити героя ,200,OK,Thread Group 1-87,text,true,,249,213,1,1,http://localhost:3001/character/1,0,0,0
1711285688169,1,Отримати всіх героїв ,200,OK,Thread Group 1-88,text,true,,985,126,1,1,http://localhost:3001/characters,1,0,0
1711285688170,0,Отримати героя за id ,200,OK,Thread Group 1-88,text,true,,235,127,1,1,http://localhost:3001/character/1,0,0,0
1711285688170,0,Створити героя,200,OK,Thread Group 1-88,text,true,,235,231,1,1,http://localhost:3001/character,0,0,0
1711285688170,1,Змінити героя ,200,OK,Thread Group 1-88,text,true,,235,232,1,1,http://localhost:3001/character/1,1,0,0
1711285688171,0,Видалити героя ,200,OK,Thread Group 1-88,text,true,,249,213,1,1,http://localhost:3001/character/1,0,0,0
1711285688180,1,Отримати всіх героїв ,200,OK,Thread Group 1-89,text,true,,985,126,1,1,http://localhost:3001/characters,1,0,0
1711285688181,0,Отримати героя за id ,200,OK,Thread Group 1-89,text,true,,235,127,1,1,http://localhost:3001/character/1,0,0,0
1711285688181,0,Створити героя,200,OK,Thread Group 1-89,text,true,,235,231,1,1,http://localhost:3001/character,0,0,0
1711285688181,1,Змінити героя ,200,OK,Thread Group 1-89,text,true,,235,232,1,1,http://localhost:3001/character/1,1,0,0
1711285688182,0,Видалити героя ,200,OK,Thread Group 1-89,text,true,,249,213,1,1,http://localhost:3001/character/1,0,0,0
1711285688190,0,Отримати всіх героїв ,200,OK,Thread Group 1-90,text,true,,985,126,1,1,http://localhost:3001/characters,0,0,0
1711285688190,1,Отримати героя за id ,200,OK,Thread Group 1-90,text,true,,235,127,1,1,http://localhost:3001/character/1,1,0,0
1711285688191,0,Створити героя,200,OK,Thread Group 1-90,text,true,,235,231,1,1,http://localhost:3001/character,0,0,0
1711285688191,1,Змінити героя ,200,OK,Thread Group 1-90,text,true,,235,232,1,1,http://localhost:3001/character/1,1,0,0
1711285688192,0,Видалити героя ,200,OK,Thread Group 1-90,text,true,,249,213,1,1,http://localhost:3001/character/1,0,0,0
1711285688199,0,Отримати всіх героїв ,200,OK,Thread Group 1-91,text,true,,985,126,1,1,http://localhost:3001/characters,0,0,0
1711285688200,0,Отримати героя за id ,200,OK,Thread Group 1-91,text,true,,235,127,1,1,http://localhost:3001/character/1,0,0,0
1711285688200,0,Створити героя,200,OK,Thread Group 1-91,text,true,,235,231,1,1,http://localhost:3001/character,0,0,0
1711285688200,1,Змінити героя ,200,OK,Thread Group 1-91,text,true,,235,232,1,1,http://localhost:3001/character/1,1,0,0
1711285688201,0,Видалити героя ,200,OK,Thread Group 1-91,text,true,,249,213,1,1,http://localhost:3001/character/1,0,0,0
1711285688209,1,Отримати всіх героїв ,200,OK,Thread Group 1-92,text,true,,985,126,1,1,http://localhost:3001/characters,1,0,0
1711285688210,0,Отримати героя за id ,200,OK,Thread Group 1-92,text,true,,235,127,1,1,http://localhost:3001/character/1,0,0,0
1711285688210,1,Створити героя,200,OK,Thread Group 1-92,text,true,,235,231,1,1,http://localhost:3001/character,0,0,0
1711285688211,0,Змінити героя ,200,OK,Thread Group 1-92,text,true,,235,232,1,1,http://localhost:3001/character/1,0,0,0
1711285688211,0,Видалити героя ,200,OK,Thread Group 1-92,text,true,,249,213,1,1,http://localhost:3001/character/1,0,0,0
1711285688220,1,Отримати всіх героїв ,200,OK,Thread Group 1-93,text,true,,985,126,1,1,http://localhost:3001/characters,1,0,0
1711285688221,0,Отримати героя за id ,200,OK,Thread Group 1-93,text,true,,235,127,1,1,http://localhost:3001/character/1,0,0,0
1711285688221,1,Створити героя,200,OK,Thread Group 1-93,text,true,,235,231,1,1,http://localhost:3001/character,1,0,0
1711285688222,0,Змінити героя ,200,OK,Thread Group 1-93,text,true,,235,232,1,1,http://localhost:3001/character/1,0,0,0
1711285688222,0,Видалити героя ,200,OK,Thread Group 1-93,text,true,,249,213,1,1,http://localhost:3001/character/1,0,0,0
1711285688229,1,Отримати всіх героїв ,200,OK,Thread Group 1-94,text,true,,985,126,1,1,http://localhost:3001/characters,1,0,0
1711285688230,0,Отримати героя за id ,200,OK,Thread Group 1-94,text,true,,235,127,1,1,http://localhost:3001/character/1,0,0,0
1711285688230,1,Створити героя,200,OK,Thread Group 1-94,text,true,,235,231,1,1,http://localhost:3001/character,1,0,0
1711285688231,0,Змінити героя ,200,OK,Thread Group 1-94,text,true,,235,232,1,1,http://localhost:3001/character/1,0,0,0
1711285688231,1,Видалити героя ,200,OK,Thread Group 1-94,text,true,,249,213,1,1,http://localhost:3001/character/1,1,0,0
1711285688240,1,Отримати всіх героїв ,200,OK,Thread Group 1-95,text,true,,985,126,1,1,http://localhost:3001/characters,1,0,0
1711285688241,0,Отримати героя за id ,200,OK,Thread Group 1-95,text,true,,235,127,1,1,http://localhost:3001/character/1,0,0,0
1711285688241,1,Створити героя,200,OK,Thread Group 1-95,text,true,,235,231,1,1,http://localhost:3001/character,1,0,0
1711285688242,0,Змінити героя ,200,OK,Thread Group 1-95,text,true,,235,232,1,1,http://localhost:3001/character/1,0,0,0
1711285688242,1,Видалити героя ,200,OK,Thread Group 1-95,text,true,,249,213,1,1,http://localhost:3001/character/1,0,0,0
1711285688250,1,Отримати всіх героїв ,200,OK,Thread Group 1-96,text,true,,985,126,1,1,http://localhost:3001/characters,1,0,1
1711285688251,1,Отримати героя за id ,200,OK,Thread Group 1-96,text,true,,235,127,1,1,http://localhost:3001/character/1,1,0,0
1711285688252,0,Створити героя,200,OK,Thread Group 1-96,text,true,,235,231,1,1,http://localhost:3001/character,0,0,0
1711285688252,0,Змінити героя ,200,OK,Thread Group 1-96,text,true,,235,232,1,1,http://localhost:3001/character/1,0,0,0
1711285688253,0,Видалити героя ,200,OK,Thread Group 1-96,text,true,,249,213,1,1,http://localhost:3001/character/1,0,0,0
1711285688259,1,Отримати всіх героїв ,200,OK,Thread Group 1-97,text,true,,985,126,1,1,http://localhost:3001/characters,1,0,1
1711285688260,1,Отримати героя за id ,200,OK,Thread Group 1-97,text,true,,235,127,1,1,http://localhost:3001/character/1,1,0,0
1711285688261,0,Створити героя,200,OK,Thread Group 1-97,text,true,,235,231,1,1,http://localhost:3001/character,0,0,0
1711285688261,1,Змінити героя ,200,OK,Thread Group 1-97,text,true,,235,232,1,1,http://localhost:3001/character/1,1,0,0
1711285688262,0,Видалити героя ,200,OK,Thread Group 1-97,text,true,,249,213,1,1,http://localhost:3001/character/1,0,0,0
1711285688269,2,Отримати всіх героїв ,200,OK,Thread Group 1-98,text,true,,985,126,1,1,http://localhost:3001/characters,2,0,1
1711285688271,0,Отримати героя за id ,200,OK,Thread Group 1-98,text,true,,235,127,1,1,http://localhost:3001/character/1,0,0,0
1711285688271,0,Створити героя,200,OK,Thread Group 1-98,text,true,,235,231,1,1,http://localhost:3001/character,0,0,0
1711285688271,1,Змінити героя ,200,OK,Thread Group 1-98,text,true,,235,232,1,1,http://localhost:3001/character/1,1,0,0
1711285688272,0,Видалити героя ,200,OK,Thread Group 1-98,text,true,,249,213,1,1,http://localhost:3001/character/1,0,0,0
1711285688279,1,Отримати всіх героїв ,200,OK,Thread Group 1-99,text,true,,985,126,1,1,http://localhost:3001/characters,1,0,1
1711285688280,1,Отримати героя за id ,200,OK,Thread Group 1-99,text,true,,235,127,1,1,http://localhost:3001/character/1,1,0,0
1711285688281,0,Створити героя,200,OK,Thread Group 1-99,text,true,,235,231,1,1,http://localhost:3001/character,0,0,0
1711285688281,0,Змінити героя ,200,OK,Thread Group 1-99,text,true,,235,232,1,1,http://localhost:3001/character/1,0,0,0
1711285688282,0,Видалити героя ,200,OK,Thread Group 1-99,text,true,,249,213,1,1,http://localhost:3001/character/1,0,0,0
1711285688290,1,Отримати всіх героїв ,200,OK,Thread Group 1-100,text,true,,985,126,1,1,http://localhost:3001/characters,1,0,1
1711285688291,0,Отримати героя за id ,200,OK,Thread Group 1-100,text,true,,235,127,1,1,http://localhost:3001/character/1,0,0,0
1711285688292,0,Створити героя,200,OK,Thread Group 1-100,text,true,,235,231,1,1,http://localhost:3001/character,0,0,0
1711285688292,0,Змінити героя ,200,OK,Thread Group 1-100,text,true,,235,232,1,1,http://localhost:3001/character/1,0,0,0
1711285688292,1,Видалити героя ,200,OK,Thread Group 1-100,text,true,,249,213,1,1,http://localhost:3001/character/1,1,0,0
