{
  "Отримати всіх героїв " : {
    "transaction" : "Отримати всіх героїв ",
    "sampleCount" : 756,
    "errorCount" : 756,
    "errorPct" : 100.0,
    "meanResTime" : 51.95105820105817,
    "medianResTime" : 1.0,
    "minResTime" : 0.0,
    "maxResTime" : 143.0,
    "pct1ResTime" : 140.0,
    "pct2ResTime" : 141.0,
    "pct3ResTime" : 142.0,
    "throughput" : 1083.0945558739256,
    "receivedKBytesPerSec" : 2782.8337661174787,
    "sentKBytesPerSec" : 0.0
  },
  "Total" : {
    "transaction" : "Total",
    "sampleCount" : 756,
    "errorCount" : 756,
    "errorPct" : 100.0,
    "meanResTime" : 51.95105820105817,
    "medianResTime" : 1.0,
    "minResTime" : 0.0,
    "maxResTime" : 143.0,
    "pct1ResTime" : 140.0,
    "pct2ResTime" : 141.0,
    "pct3ResTime" : 142.0,
    "throughput" : 1083.0945558739256,
    "receivedKBytesPerSec" : 2782.8337661174787,
    "sentKBytesPerSec" : 0.0
  }
}