{
  "Отримати всіх героїв " : {
    "transaction" : "Отримати всіх героїв ",
    "sampleCount" : 902,
    "errorCount" : 219,
    "errorPct" : 24.279379,
    "meanResTime" : 223.20620842572094,
    "medianResTime" : 208.0,
    "minResTime" : 0.0,
    "maxResTime" : 533.0,
    "pct1ResTime" : 509.0,
    "pct2ResTime" : 518.0,
    "pct3ResTime" : 528.0,
    "throughput" : 975.1351351351352,
    "receivedKBytesPerSec" : 1633.8830236486485,
    "sentKBytesPerSec" : 90.85515202702702
  },
  "Отримати героя за id " : {
    "transaction" : "Отримати героя за id ",
    "sampleCount" : 375,
    "errorCount" : 0,
    "errorPct" : 0.0,
    "meanResTime" : 74.93599999999996,
    "medianResTime" : 71.0,
    "minResTime" : 5.0,
    "maxResTime" : 139.0,
    "pct1ResTime" : 121.0,
    "pct2ResTime" : 123.0,
    "pct3ResTime" : 139.0,
    "throughput" : 582.2981366459627,
    "receivedKBytesPerSec" : 133.6328731560559,
    "sentKBytesPerSec" : 72.21861655667702
  },
  "Total" : {
    "transaction" : "Total",
    "sampleCount" : 2002,
    "errorCount" : 219,
    "errorPct" : 10.939061,
    "meanResTime" : 151.64035964035955,
    "medianResTime" : 117.0,
    "minResTime" : 0.0,
    "maxResTime" : 533.0,
    "pct1ResTime" : 345.0,
    "pct2ResTime" : 506.0,
    "pct3ResTime" : 523.0,
    "throughput" : 2164.3243243243246,
    "receivedKBytesPerSec" : 1909.4235641891892,
    "sentKBytesPerSec" : 314.81841216216213
  },
  "Змінити героя " : {
    "transaction" : "Змінити героя ",
    "sampleCount" : 242,
    "errorCount" : 0,
    "errorPct" : 0.0,
    "meanResTime" : 97.76859504132233,
    "medianResTime" : 103.0,
    "minResTime" : 9.0,
    "maxResTime" : 133.0,
    "pct1ResTime" : 128.0,
    "pct2ResTime" : 129.0,
    "pct3ResTime" : 132.0,
    "throughput" : 440.0,
    "receivedKBytesPerSec" : 100.97656249999999,
    "sentKBytesPerSec" : 99.68749999999999
  },
  "Створити героя" : {
    "transaction" : "Створити героя",
    "sampleCount" : 305,
    "errorCount" : 0,
    "errorPct" : 0.0,
    "meanResTime" : 100.45245901639342,
    "medianResTime" : 115.0,
    "minResTime" : 26.0,
    "maxResTime" : 133.0,
    "pct1ResTime" : 122.0,
    "pct2ResTime" : 127.0,
    "pct3ResTime" : 130.0,
    "throughput" : 479.55974842767296,
    "receivedKBytesPerSec" : 110.05521570361635,
    "sentKBytesPerSec" : 108.18193543632076
  },
  "Видалити героя " : {
    "transaction" : "Видалити героя ",
    "sampleCount" : 178,
    "errorCount" : 0,
    "errorPct" : 0.0,
    "meanResTime" : 111.53370786516855,
    "medianResTime" : 117.0,
    "minResTime" : 8.0,
    "maxResTime" : 134.0,
    "pct1ResTime" : 133.0,
    "pct2ResTime" : 133.0,
    "pct3ResTime" : 134.0,
    "throughput" : 369.29460580912865,
    "receivedKBytesPerSec" : 89.79917660788382,
    "sentKBytesPerSec" : 76.81616312240664
  }
}