{
  "Отримати всіх героїв " : {
    "transaction" : "Отримати всіх героїв ",
    "sampleCount" : 2000,
    "errorCount" : 1151,
    "errorPct" : 57.55,
    "meanResTime" : 98.5355,
    "medianResTime" : 3.0,
    "minResTime" : 0.0,
    "maxResTime" : 1008.0,
    "pct1ResTime" : 213.9000000000001,
    "pct2ResTime" : 431.9499999999998,
    "pct3ResTime" : 945.0,
    "throughput" : 1155.4015020219526,
    "receivedKBytesPerSec" : 2235.5112200317735,
    "sentKBytesPerSec" : 60.35054701039861
  },
  "Отримати героя за id " : {
    "transaction" : "Отримати героя за id ",
    "sampleCount" : 2000,
    "errorCount" : 1041,
    "errorPct" : 52.05,
    "meanResTime" : 85.34750000000008,
    "medianResTime" : 4.0,
    "minResTime" : 0.0,
    "maxResTime" : 961.0,
    "pct1ResTime" : 151.0,
    "pct2ResTime" : 582.0,
    "pct3ResTime" : 882.0,
    "throughput" : 1246.8827930174564,
    "receivedKBytesPerSec" : 1804.7142884975062,
    "sentKBytesPerSec" : 74.15116992674564
  },
  "Total" : {
    "transaction" : "Total",
    "sampleCount" : 10000,
    "errorCount" : 5172,
    "errorPct" : 51.72,
    "meanResTime" : 76.20969999999966,
    "medianResTime" : 6.0,
    "minResTime" : 0.0,
    "maxResTime" : 1008.0,
    "pct1ResTime" : 170.0,
    "pct2ResTime" : 211.0,
    "pct3ResTime" : 871.0,
    "throughput" : 5586.592178770949,
    "receivedKBytesPerSec" : 8451.654155027933,
    "sentKBytesPerSec" : 495.64856843575416
  },
  "Змінити героя " : {
    "transaction" : "Змінити героя ",
    "sampleCount" : 2000,
    "errorCount" : 1001,
    "errorPct" : 50.05,
    "meanResTime" : 64.21150000000002,
    "medianResTime" : 10.0,
    "minResTime" : 0.0,
    "maxResTime" : 951.0,
    "pct1ResTime" : 162.0,
    "pct2ResTime" : 170.0,
    "pct3ResTime" : 782.96,
    "throughput" : 1302.0833333333333,
    "receivedKBytesPerSec" : 1823.6770629882812,
    "sentKBytesPerSec" : 147.3541259765625
  },
  "Створити героя" : {
    "transaction" : "Створити героя",
    "sampleCount" : 2000,
    "errorCount" : 1028,
    "errorPct" : 51.4,
    "meanResTime" : 60.802500000000016,
    "medianResTime" : 5.0,
    "minResTime" : 0.0,
    "maxResTime" : 961.0,
    "pct1ResTime" : 164.0,
    "pct2ResTime" : 179.0,
    "pct3ResTime" : 205.99,
    "throughput" : 1282.0512820512822,
    "receivedKBytesPerSec" : 1836.1177884615383,
    "sentKBytesPerSec" : 140.55739182692307
  },
  "Видалити героя " : {
    "transaction" : "Видалити героя ",
    "sampleCount" : 2000,
    "errorCount" : 951,
    "errorPct" : 47.55,
    "meanResTime" : 72.15150000000008,
    "medianResTime" : 24.0,
    "minResTime" : 0.0,
    "maxResTime" : 961.0,
    "pct1ResTime" : 199.0,
    "pct2ResTime" : 214.0,
    "pct3ResTime" : 778.0700000000008,
    "throughput" : 1306.3357282821687,
    "receivedKBytesPerSec" : 1762.5849628510778,
    "sentKBytesPerSec" : 142.52135552743306
  }
}