{
  "Отримати всіх героїв " : {
    "transaction" : "Отримати всіх героїв ",
    "sampleCount" : 100,
    "errorCount" : 0,
    "errorPct" : 0.0,
    "meanResTime" : 4.6800000000000015,
    "medianResTime" : 1.0,
    "minResTime" : 0.0,
    "maxResTime" : 31.0,
    "pct1ResTime" : 31.0,
    "pct2ResTime" : 31.0,
    "pct3ResTime" : 31.0,
    "throughput" : 113.12217194570135,
    "receivedKBytesPerSec" : 108.84694923642535,
    "sentKBytesPerSec" : 13.919329751131222
  },
  "Отримати героя за id " : {
    "transaction" : "Отримати героя за id ",
    "sampleCount" : 100,
    "errorCount" : 0,
    "errorPct" : 0.0,
    "meanResTime" : 0.7200000000000002,
    "medianResTime" : 1.0,
    "minResTime" : 0.0,
    "maxResTime" : 4.0,
    "pct1ResTime" : 2.0,
    "pct2ResTime" : 3.0,
    "pct3ResTime" : 4.0,
    "throughput" : 117.6470588235294,
    "receivedKBytesPerSec" : 26.999080882352942,
    "sentKBytesPerSec" : 14.590992647058824
  },
  "Total" : {
    "transaction" : "Total",
    "sampleCount" : 500,
    "errorCount" : 0,
    "errorPct" : 0.0,
    "meanResTime" : 1.6559999999999995,
    "medianResTime" : 1.0,
    "minResTime" : 0.0,
    "maxResTime" : 31.0,
    "pct1ResTime" : 4.0,
    "pct2ResTime" : 5.0,
    "pct3ResTime" : 31.0,
    "throughput" : 564.3340857787811,
    "receivedKBytesPerSec" : 213.75255713882618,
    "sentKBytesPerSec" : 102.39577454853273
  },
  "Змінити героя " : {
    "transaction" : "Змінити героя ",
    "sampleCount" : 100,
    "errorCount" : 0,
    "errorPct" : 0.0,
    "meanResTime" : 0.9499999999999992,
    "medianResTime" : 0.5,
    "minResTime" : 0.0,
    "maxResTime" : 5.0,
    "pct1ResTime" : 4.0,
    "pct2ResTime" : 4.0,
    "pct3ResTime" : 4.989999999999995,
    "throughput" : 118.2033096926714,
    "receivedKBytesPerSec" : 27.12673611111111,
    "sentKBytesPerSec" : 26.780437352245865
  },
  "Створити героя" : {
    "transaction" : "Створити героя",
    "sampleCount" : 100,
    "errorCount" : 0,
    "errorPct" : 0.0,
    "meanResTime" : 0.9800000000000009,
    "medianResTime" : 0.0,
    "minResTime" : 0.0,
    "maxResTime" : 7.0,
    "pct1ResTime" : 4.0,
    "pct2ResTime" : 5.0,
    "pct3ResTime" : 7.0,
    "throughput" : 117.6470588235294,
    "receivedKBytesPerSec" : 26.999080882352942,
    "sentKBytesPerSec" : 26.53952205882353
  },
  "Видалити героя " : {
    "transaction" : "Видалити героя ",
    "sampleCount" : 100,
    "errorCount" : 0,
    "errorPct" : 0.0,
    "meanResTime" : 0.9500000000000004,
    "medianResTime" : 0.0,
    "minResTime" : 0.0,
    "maxResTime" : 5.0,
    "pct1ResTime" : 4.0,
    "pct2ResTime" : 4.0,
    "pct3ResTime" : 5.0,
    "throughput" : 118.62396204033216,
    "receivedKBytesPerSec" : 28.845084519572953,
    "sentKBytesPerSec" : 24.674710854092528
  }
}