{
  "Отримати всіх героїв " : {
    "transaction" : "Отримати всіх героїв ",
    "sampleCount" : 20000,
    "errorCount" : 14428,
    "errorPct" : 72.14,
    "meanResTime" : 237.1711000000002,
    "medianResTime" : 54.0,
    "minResTime" : 0.0,
    "maxResTime" : 6596.0,
    "pct1ResTime" : 1054.0,
    "pct2ResTime" : 1099.0,
    "pct3ResTime" : 1476.0,
    "throughput" : 1935.9210144226115,
    "receivedKBytesPerSec" : 4180.495142048205,
    "sentKBytesPerSec" : 66.3650360565289
  },
  "Отримати героя за id " : {
    "transaction" : "Отримати героя за id ",
    "sampleCount" : 20000,
    "errorCount" : 14305,
    "errorPct" : 71.525,
    "meanResTime" : 165.51795000000035,
    "medianResTime" : 34.0,
    "minResTime" : 0.0,
    "maxResTime" : 6000.0,
    "pct1ResTime" : 479.90000000000146,
    "pct2ResTime" : 965.0,
    "pct3ResTime" : 1344.0,
    "throughput" : 1990.6439733253708,
    "receivedKBytesPerSec" : 3788.2212390825616,
    "sentKBytesPerSec" : 70.30093326988155
  },
  "Total" : {
    "transaction" : "Total",
    "sampleCount" : 100000,
    "errorCount" : 70696,
    "errorPct" : 70.696,
    "meanResTime" : 177.0717599999995,
    "medianResTime" : 290.0,
    "minResTime" : 0.0,
    "maxResTime" : 6596.0,
    "pct1ResTime" : 358.0,
    "pct2ResTime" : 625.0,
    "pct3ResTime" : 1152.0,
    "throughput" : 9677.731539727087,
    "receivedKBytesPerSec" : 18705.43867720531,
    "sentKBytesPerSec" : 518.5998628483983
  },
  "Змінити героя " : {
    "transaction" : "Змінити героя ",
    "sampleCount" : 20000,
    "errorCount" : 13973,
    "errorPct" : 69.865,
    "meanResTime" : 156.53749999999997,
    "medianResTime" : 32.0,
    "minResTime" : 0.0,
    "maxResTime" : 6001.0,
    "pct1ResTime" : 332.0,
    "pct2ResTime" : 973.0,
    "pct3ResTime" : 1139.9900000000016,
    "throughput" : 2012.8824476650564,
    "receivedKBytesPerSec" : 3751.8534637303746,
    "sentKBytesPerSec" : 137.4287628321256
  },
  "Створити героя" : {
    "transaction" : "Створити героя",
    "sampleCount" : 20000,
    "errorCount" : 14135,
    "errorPct" : 70.675,
    "meanResTime" : 173.06709999999967,
    "medianResTime" : 43.0,
    "minResTime" : 0.0,
    "maxResTime" : 6000.0,
    "pct1ResTime" : 535.9000000000015,
    "pct2ResTime" : 914.0,
    "pct3ResTime" : 1278.0,
    "throughput" : 1996.2072063080147,
    "receivedKBytesPerSec" : 3759.2110146970754,
    "sentKBytesPerSec" : 132.0552473737399
  },
  "Видалити героя " : {
    "transaction" : "Видалити героя ",
    "sampleCount" : 20000,
    "errorCount" : 13855,
    "errorPct" : 69.275,
    "meanResTime" : 153.06514999999936,
    "medianResTime" : 31.0,
    "minResTime" : 0.0,
    "maxResTime" : 6001.0,
    "pct1ResTime" : 340.0,
    "pct2ResTime" : 1080.0,
    "pct3ResTime" : 1532.0,
    "throughput" : 2014.5044319097503,
    "receivedKBytesPerSec" : 3736.1394619384564,
    "sentKBytesPerSec" : 128.74778483204068
  }
}