{
  "Отримати всіх героїв " : {
    "transaction" : "Отримати всіх героїв ",
    "sampleCount" : 252,
    "errorCount" : 252,
    "errorPct" : 100.0,
    "meanResTime" : 47.44841269841274,
    "medianResTime" : 27.5,
    "minResTime" : 0.0,
    "maxResTime" : 110.0,
    "pct1ResTime" : 103.0,
    "pct2ResTime" : 104.0,
    "pct3ResTime" : 106.41,
    "throughput" : 528.3018867924528,
    "receivedKBytesPerSec" : 1357.3850235849056,
    "sentKBytesPerSec" : 0.0
  },
  "Total" : {
    "transaction" : "Total",
    "sampleCount" : 252,
    "errorCount" : 252,
    "errorPct" : 100.0,
    "meanResTime" : 47.44841269841274,
    "medianResTime" : 27.5,
    "minResTime" : 0.0,
    "maxResTime" : 110.0,
    "pct1ResTime" : 103.0,
    "pct2ResTime" : 104.0,
    "pct3ResTime" : 106.41,
    "throughput" : 528.3018867924528,
    "receivedKBytesPerSec" : 1357.3850235849056,
    "sentKBytesPerSec" : 0.0
  }
}