{
  "Отримати всіх героїв " : {
    "transaction" : "Отримати всіх героїв ",
    "sampleCount" : 1776,
    "errorCount" : 12,
    "errorPct" : 0.6756757,
    "meanResTime" : 188.9966216216215,
    "medianResTime" : 126.5,
    "minResTime" : 1.0,
    "maxResTime" : 560.0,
    "pct1ResTime" : 410.0,
    "pct2ResTime" : 482.2999999999997,
    "pct3ResTime" : 547.0,
    "throughput" : 1041.031652989449,
    "receivedKBytesPerSec" : 745.6707255641852,
    "sentKBytesPerSec" : 127.23018024618992
  },
  "Отримати героя за id " : {
    "transaction" : "Отримати героя за id ",
    "sampleCount" : 1354,
    "errorCount" : 0,
    "errorPct" : 0.0,
    "meanResTime" : 92.55612998522895,
    "medianResTime" : 89.0,
    "minResTime" : 0.0,
    "maxResTime" : 144.0,
    "pct1ResTime" : 125.0,
    "pct2ResTime" : 139.0,
    "pct3ResTime" : 140.0,
    "throughput" : 924.8633879781421,
    "receivedKBytesPerSec" : 215.08122011612022,
    "sentKBytesPerSec" : 114.70473659494536
  },
  "Total" : {
    "transaction" : "Total",
    "sampleCount" : 6513,
    "errorCount" : 12,
    "errorPct" : 0.1842469,
    "meanResTime" : 120.56456318132922,
    "medianResTime" : 93.0,
    "minResTime" : 0.0,
    "maxResTime" : 560.0,
    "pct1ResTime" : 157.60000000000036,
    "pct2ResTime" : 329.0,
    "pct3ResTime" : 512.7199999999993,
    "throughput" : 3817.702227432591,
    "receivedKBytesPerSec" : 1395.144893024619,
    "sentKBytesPerSec" : 663.131159327374
  },
  "Змінити героя " : {
    "transaction" : "Змінити героя ",
    "sampleCount" : 1136,
    "errorCount" : 0,
    "errorPct" : 0.0,
    "meanResTime" : 96.13204225352116,
    "medianResTime" : 89.0,
    "minResTime" : 6.0,
    "maxResTime" : 144.0,
    "pct1ResTime" : 125.0,
    "pct2ResTime" : 138.0,
    "pct3ResTime" : 141.0,
    "throughput" : 815.5061019382628,
    "receivedKBytesPerSec" : 189.1572819454415,
    "sentKBytesPerSec" : 184.76310122038765
  },
  "Створити героя" : {
    "transaction" : "Створити героя",
    "sampleCount" : 1226,
    "errorCount" : 0,
    "errorPct" : 0.0,
    "meanResTime" : 93.37275693311585,
    "medianResTime" : 89.0,
    "minResTime" : 2.0,
    "maxResTime" : 141.0,
    "pct1ResTime" : 119.59999999999991,
    "pct2ResTime" : 132.64999999999986,
    "pct3ResTime" : 139.0,
    "throughput" : 844.934527911785,
    "receivedKBytesPerSec" : 193.90587310475533,
    "sentKBytesPerSec" : 190.60534760509992
  },
  "Видалити героя " : {
    "transaction" : "Видалити героя ",
    "sampleCount" : 1021,
    "errorCount" : 0,
    "errorPct" : 0.0,
    "meanResTime" : 98.50832517140063,
    "medianResTime" : 96.0,
    "minResTime" : 7.0,
    "maxResTime" : 144.0,
    "pct1ResTime" : 125.0,
    "pct2ResTime" : 132.0,
    "pct3ResTime" : 144.0,
    "throughput" : 774.0712661106899,
    "receivedKBytesPerSec" : 188.22631373199394,
    "sentKBytesPerSec" : 161.01287078279
  }
}