{
  "Отримати всіх героїв " : {
    "transaction" : "Отримати всіх героїв ",
    "sampleCount" : 693,
    "errorCount" : 693,
    "errorPct" : 100.0,
    "meanResTime" : 53.819624819624785,
    "medianResTime" : 2.0,
    "minResTime" : 0.0,
    "maxResTime" : 142.0,
    "pct1ResTime" : 137.0,
    "pct2ResTime" : 138.0,
    "pct3ResTime" : 139.05999999999995,
    "throughput" : 1147.3509933774835,
    "receivedKBytesPerSec" : 2947.9301402110927,
    "sentKBytesPerSec" : 0.0
  },
  "Total" : {
    "transaction" : "Total",
    "sampleCount" : 693,
    "errorCount" : 693,
    "errorPct" : 100.0,
    "meanResTime" : 53.819624819624785,
    "medianResTime" : 2.0,
    "minResTime" : 0.0,
    "maxResTime" : 142.0,
    "pct1ResTime" : 137.0,
    "pct2ResTime" : 138.0,
    "pct3ResTime" : 139.05999999999995,
    "throughput" : 1147.3509933774835,
    "receivedKBytesPerSec" : 2947.9301402110927,
    "sentKBytesPerSec" : 0.0
  }
}