{
  "Отримати всіх героїв " : {
    "transaction" : "Отримати всіх героїв ",
    "sampleCount" : 922,
    "errorCount" : 212,
    "errorPct" : 22.993492,
    "meanResTime" : 213.63449023861173,
    "medianResTime" : 215.0,
    "minResTime" : 0.0,
    "maxResTime" : 485.0,
    "pct1ResTime" : 457.0,
    "pct2ResTime" : 469.0,
    "pct3ResTime" : 482.0,
    "throughput" : 1050.1138952164008,
    "receivedKBytesPerSec" : 1467.036010464123,
    "sentKBytesPerSec" : 99.50259823462414
  },
  "Отримати героя за id " : {
    "transaction" : "Отримати героя за id ",
    "sampleCount" : 386,
    "errorCount" : 0,
    "errorPct" : 0.0,
    "meanResTime" : 66.66580310880833,
    "medianResTime" : 70.0,
    "minResTime" : 4.0,
    "maxResTime" : 113.0,
    "pct1ResTime" : 94.0,
    "pct2ResTime" : 101.0,
    "pct3ResTime" : 103.13,
    "throughput" : 638.0165289256199,
    "receivedKBytesPerSec" : 146.41980888429754,
    "sentKBytesPerSec" : 79.12900309917356
  },
  "Total" : {
    "transaction" : "Total",
    "sampleCount" : 2026,
    "errorCount" : 212,
    "errorPct" : 10.463968,
    "meanResTime" : 140.6327739387954,
    "medianResTime" : 91.0,
    "minResTime" : 0.0,
    "maxResTime" : 485.0,
    "pct1ResTime" : 340.0,
    "pct2ResTime" : 455.0,
    "pct3ResTime" : 477.73,
    "throughput" : 2307.51708428246,
    "receivedKBytesPerSec" : 1758.496538653189,
    "sentKBytesPerSec" : 335.0410200740319
  },
  "Змінити героя " : {
    "transaction" : "Змінити героя ",
    "sampleCount" : 234,
    "errorCount" : 0,
    "errorPct" : 0.0,
    "meanResTime" : 81.77777777777774,
    "medianResTime" : 87.0,
    "minResTime" : 13.0,
    "maxResTime" : 112.0,
    "pct1ResTime" : 93.0,
    "pct2ResTime" : 98.25,
    "pct3ResTime" : 103.0,
    "throughput" : 439.8496240601504,
    "receivedKBytesPerSec" : 100.94205239661653,
    "sentKBytesPerSec" : 99.65343045112782
  },
  "Створити героя" : {
    "transaction" : "Створити героя",
    "sampleCount" : 298,
    "errorCount" : 0,
    "errorPct" : 0.0,
    "meanResTime" : 94.54697986577182,
    "medianResTime" : 110.0,
    "minResTime" : 12.0,
    "maxResTime" : 127.0,
    "pct1ResTime" : 116.0,
    "pct2ResTime" : 117.0,
    "pct3ResTime" : 125.0,
    "throughput" : 515.5709342560554,
    "receivedKBytesPerSec" : 118.31950151384083,
    "sentKBytesPerSec" : 116.30555255190312
  },
  "Видалити героя " : {
    "transaction" : "Видалити героя ",
    "sampleCount" : 186,
    "errorCount" : 0,
    "errorPct" : 0.0,
    "meanResTime" : 80.14516129032258,
    "medianResTime" : 85.0,
    "minResTime" : 15.0,
    "maxResTime" : 99.0,
    "pct1ResTime" : 89.0,
    "pct2ResTime" : 90.0,
    "pct3ResTime" : 98.13,
    "throughput" : 440.7582938388626,
    "receivedKBytesPerSec" : 107.17657731042654,
    "sentKBytesPerSec" : 91.68116854265404
  }
}